Date,MSFT,AAPL,AMZN,TSLA,NVDA,GOOG,GOOGL,FB,ADBE,NFLX
2020-11-18,,,,,,,,,,
2020-11-19,0.006348336342655969,0.005168113355649373,0.003722494942835164,0.02595342267528089,0.0008564029978281873,0.009812348844984387,0.010300769168517743,0.0035665735060241843,0.015104365866967617,0.005977716320804793
2020-11-20,-0.009556570150685562,-0.010957545458525342,-0.005652872900059114,-0.019348256880707515,-0.026227314980814875,-0.012319210881420184,-0.01261817367598761,-0.011870704097085683,-0.007482667545870236,0.007365788896042114
2020-11-23,-0.0013308738761010908,-0.029742529839039022,-0.0003258724372251498,0.06584831189666196,0.003992307612113555,-0.004207323109552963,-0.005079502168075289,-0.004709006093778001,-0.00499012342333105,-0.023799760851215712
2020-11-24,0.01784779813424553,0.011594199517194648,0.006348512188359301,0.06425223827163684,-0.013869918228213929,0.01960966319711388,0.021035427862945433,0.031628432818235686,0.004537519958452529,0.013134174112858998
2020-11-25,4.6820670117186935e-05,0.007467145558108346,0.02149092953055276,0.033526585099152184,0.021377175228522338,0.0014416178558138704,0.00013038210605520462,-0.004802892306667639,0.015949805075864187,0.004390314318357458
2020-11-27,0.006358879287435171,0.004826295999577068,0.003224425140024856,0.020487822299651404,0.0020023200060672597,0.012283796896674026,0.012975242717443658,0.008055452056394685,0.01478474343133418,0.013113371134020557
2020-11-30,-0.005389387603580764,0.021099680475554106,-0.008543706850649313,-0.031002515859694824,0.010575905154784238,-0.018096215162741625,-0.018253850340188116,-0.0030236384797064364,0.0030186822694981963,-0.0013431557720353648
2020-12-01,0.009996679266645714,0.030827384382327905,0.016426572378935855,0.03023261931920862,-0.0008582490519710717,0.02121834354429586,0.023346990674687707,0.0345885365397387,0.0014211820983107692,0.02828607022736329
2020-12-02,-0.0038852166798644117,0.002933578678371518,-0.005139638952792458,-0.027259051110557153,0.011538659223185421,0.01660084277760987,0.016492506376095895,0.003385102218186109,0.00440366487826771,-0.002378179933640645
2020-12-03,-0.005246682574533423,-0.0011375514376975593,-0.005244230223508839,0.04317709942997827,-0.010671527367167699,-0.0006454941500748657,-0.0017150994535459763,-0.019720308906939987,0.006275171294618742,-0.011641336449190076
2020-12-04,0.0005601044265388655,-0.005612458208948845,-0.00757827056310556,0.009538530035234416,0.0121116682391611,0.0006678290023611755,0.0010539037653320982,-0.007628149562643571,0.0035516663986778774,0.0015878939891196264
2020-12-07,-0.00032664681151162167,0.012269975409333611,-0.0014482093376418925,0.07131415860194878,0.0035771422445520784,-0.004655392013388382,-0.003690168093991697,0.021022433849591682,0.012860082304526843,0.03505856007328201
2020-12-08,0.008026549457064602,0.0050908844802495246,0.00610830873970869,0.012652697072851327,-0.018869373009935075,-0.0005110971322697111,-0.0031370274068266424,-0.0076335636222296666,0.006155406805484986,-0.006049198930887623
2020-12-09,-0.01948979660163075,-0.02090373169820492,-0.023003908079793578,-0.06985908883286851,-0.03140455370608941,-0.01892719093374806,-0.018478119289713768,-0.019336560042411355,-0.023299969761145123,-0.03717857450127093
2020-12-10,-0.006043436370225641,0.011988852507148318,-0.0008729982097728239,0.03737100937569515,0.0032096394298219977,-0.004932403454534051,-0.005742837504720599,-0.0028785908267785487,-0.01420183392321972,0.015174209702096375
2020-12-11,0.013015334715122728,-0.006734878661664334,0.0048137933858041215,-0.027237815250825692,0.003160520128253186,0.0036275307461774986,0.004044932482630381,-0.012882531265923425,-0.002013108415428788,0.004250743413364955
2020-12-14,0.0044078003452248105,-0.005146605801079063,0.013011741040975133,0.04891887979997822,0.02270755598733043,-0.012184491127536168,-0.01270004416142545,0.002339660128224841,0.02208402620592942,0.03815425055014843
2020-12-15,-0.00032674984208780344,0.050090358191690054,0.002581635579326891,-0.01028400797895046,0.003888489185912336,0.004380510176670072,0.005033468748739001,0.004960013093402216,-0.007771057725784791,-0.005053317418755809
2020-12-16,0.024050730820851518,-0.0005474581156972302,0.023961126654454823,-0.01654951440979069,-0.008832067045159597,-0.0026983261091846344,-0.002208880401339375,0.0004355833976665835,0.0150422235504033,0.009715625299639985
2020-12-17,0.000638493370284321,0.006963564355553453,-0.001505690615966282,0.05319781449980532,0.007457133892677659,-0.008564932501417988,-0.009492389303405457,-0.0043167625925275566,0.011145113424924746,0.015376420438238725
2020-12-18,-0.0037827438674143954,-0.015850839198842448,-0.010639469719574635,0.05961270707317423,-0.005190709629969481,-0.009663032077399936,-0.008210259589371716,0.006994982960708107,0.015322244892267634,0.0029085905989749694
2020-12-21,0.018299132900898574,0.012395312613187048,0.0014149048580140988,-0.06494966187050355,0.0045395421830281,0.0048295416847417005,0.004831416702454572,-0.013060727490464386,-0.009066501424002338,-0.010365869352810475
2020-12-22,0.006064988405562133,0.02846457003563163,0.00010607264944972883,-0.014649244790783778,-0.00405034562566009,-0.009123990321564635,-0.008267276722759953,-0.020895241071677284,0.011597339083930125,-0.0029871926805207227
2020-12-23,-0.013039238478757542,-0.0069759610551687334,-0.00662712219710393,0.008807747075289418,-0.02025863008787543,0.0051523092544241145,0.004656386470937024,0.003818896309392361,-0.014399922273838128,-0.02436811216077628
2020-12-24,0.007827378293128628,0.007712064624904702,-0.0039494544955406274,0.024443543900540154,-0.0011914006956950107,0.0037347296674670183,0.003431287541950878,-0.0026481333770541626,0.005936650452301961,-0.0009913097104380375
2020-12-28,0.00992134273401013,0.03576587128254882,0.035071192606022095,0.0029012828353873754,-0.0072150178174660295,0.021416447947778527,0.022950550248928225,0.035901294747224366,-0.0018204557822326661,0.01002008734086135
2020-12-29,-0.0036006253171083635,-0.013314836901540006,0.011583587940096729,0.0034654552472828115,0.0033527015082805978,-0.009779907173913971,-0.009132083787769307,-0.0007942274368232249,0.006333245663896259,0.022634458532077906
2020-12-30,-0.011019406548169242,-0.008526766895456506,-0.010881969295605143,0.04322893651900084,0.0156452385637873,-0.010917002886527194,-0.012237171102783218,-0.017739735594117012,-0.00928078138099564,-0.011829577974170613
2020-12-31,0.0033381804669581072,-0.007702608269259947,-0.008801425852506983,0.015673959448250008,-0.006903332779100935,0.007105399683758673,0.009439893448524028,0.004744948040330765,0.005367339301622032,0.030766793437344564
2021-01-04,-0.021266010434500493,-0.024719379830665522,-0.021584759410783638,0.03415199396401136,0.004480948889905356,-0.013494083460356632,-0.015125758725758609,-0.015448828299182593,-0.029552905598185575,-0.03304790868077978
2021-01-05,0.0009645249005698631,0.012363908449619876,0.010004339433981269,0.00731732580628619,0.02221000748447355,0.007336975231084564,0.008064307995155895,0.0075481482297306,0.0007211563087414774,-0.003939863556397527
2021-01-06,-0.02592924260257312,-0.0336616134274369,-0.024896653032314142,0.02839030271096088,-0.058953019677270735,-0.0032339250842700062,-0.009867557550926498,-0.028268823012625677,-0.039902003171150224,-0.0389976929108532
2021-01-07,0.028456993803331443,0.034123181180286455,0.0075771671647564265,0.07944654566116949,0.05783022235701152,0.0299430987513436,0.02986856940161653,0.020622050211705156,0.024511573950854793,0.016783602405314957
2021-01-08,0.00609285292129802,0.008631229702822374,0.006495572511071579,0.07840307304160055,-0.005039730276031329,0.011167973702615797,0.013238720002996418,-0.004353587272218018,0.0154059031147884,0.0029672010758552414
2021-01-11,-0.009698530851431464,-0.023248792958409537,-0.021519461794845096,-0.07821415017353806,0.025966579686806934,-0.022404696119312728,-0.023105587300604524,-0.04010169570313604,-0.022387169378843552,-0.0221394751818903
2021-01-12,-0.011770732827447894,-0.001395423820541919,0.0021257773505656274,0.04715294802166459,-0.010039356472610672,-0.01141659251668703,-0.010738536677426302,-0.022387478934550287,-0.005461361451192692,-0.009717503389491067
2021-01-13,0.006560325412461321,0.016226585607599597,0.01443840704998478,0.0058508793891247635,0.0034854383373414954,0.0044945605792943155,0.005651995012629252,0.002190461622373796,0.0008480737943143968,0.027395061203844273
2021-01-14,-0.015346239195726086,-0.01512717988161072,-0.012135583769021463,-0.0110134166235909,-0.024497956317631187,-0.008105317946575763,-0.00934609014165122,-0.02384358617009852,-0.018599722959848908,-0.013647420936161003
2021-01-15,-0.0017369468057726323,-0.013730508600742208,-0.0074245224463579396,-0.022295889940828317,-0.025813864561458177,-0.002292931119873498,-0.0019065288494630739,0.023286117990905852,-0.011202974773313001,-0.005750058072616859
2021-01-19,0.017822759416994405,0.005427109286750831,0.005318518160586372,0.02225962961292005,0.012889253510468546,0.03148851557595789,0.032906528151174896,0.03874922406608361,-0.003449150901237763,0.007610703072979508
2021-01-20,0.036499725428838614,0.032856054293007864,0.04570036546962797,0.00698599737591854,0.02614156976344373,0.053627888167929516,0.05357331675714705,0.024435100932169274,0.02898140416210304,0.16854343594471133
2021-01-21,0.002808210250212495,0.0366583593351979,0.013363478529477613,-0.00642015629720516,0.03753996227235046,0.002305355845392709,0.00217017351332105,0.02015097868378679,0.004875094088889309,-0.011085717673509632
2021-01-22,0.004356142448403322,0.01607367276200744,-0.00446327628587706,0.0019527154398597535,-0.011177255885654547,0.00518178400528746,0.004463569722619853,0.00597355894699958,0.0008898203673319838,-0.025300157486368158
2021-01-25,0.01584419541004456,0.027683828906949648,0.0005376355876571814,0.04034769488186796,-0.004320769837802052,-0.0008679545290602997,0.0009088060332991255,0.01278692167577411,0.002116670891047834,-0.014845009912707985
2021-01-26,0.01219888206828923,0.0016793351077655227,0.00975406284153002,0.0025999534868295093,-0.015966971327999624,0.00939242169873733,0.007216420904366805,0.014531771715701858,0.00599864183001575,0.009249548711812716
2021-01-27,0.0024534242448248644,-0.007683722842440455,-0.028125722172828382,-0.021436154209903635,-0.03851803910943574,-0.04509083445521078,-0.04665217237661179,-0.035135520019947575,-0.034181571836276015,-0.06878074578944915
2021-01-28,0.025890869517303905,-0.03498518552253049,0.00155913817396236,-0.033246136013754146,0.01031523858484018,0.01765355136936053,0.018835151852877985,-0.026236549593781744,0.012326115217391242,0.029276766073562444
2021-01-29,-0.0291716248412075,-0.0374206992928281,-0.009704710517154158,-0.05015377033512847,-0.004692931856411953,-0.014690488065845497,-0.013943431191036137,-0.025169860377358466,-0.014817411057988727,-0.011529820417221948
2021-02-01,0.03315214399319588,0.01652014219832565,0.04262988400251522,0.05832163536182944,0.019033981369994013,0.03574034795635739,0.035958958026543364,0.014245434851510419,0.024478521414355248,0.01249077332902293
2021-02-02,-0.0005841591081005015,0.0063367457603191735,0.011104232966542282,0.0392707637186287,0.02415576223410243,0.013758663228867762,0.013760742995811093,0.01935031795159281,0.03176594255319154,0.016918958467306844
2021-02-03,0.014571459510235751,-0.0077785577084719115,-0.01996152988165678,-0.020738065807625494,-0.0019363857771456106,0.07396073548795745,0.07282498664185932,-0.001609978362025366,-0.006207040280966969,-0.01588945094318306
2021-02-04,-0.0040741375040938,0.02575793578999841,0.005575789755353888,-0.005499083865497245,0.009885227716174949,-0.0037196571840871773,-0.0025499302039661,-0.0006000525167835224,0.01547973065812469,0.0235609615669079
2021-02-05,0.0007850985470094773,-0.003097953621550076,0.006349415190633367,0.002635313387631788,-0.005360693701005226,0.017276182730880718,0.01714047662209639,0.006041562761888386,0.005598900592597822,-0.0024811559457245114
2021-02-08,0.001114858284761544,0.0010967257983411915,-0.00871379915992787,0.0131302620919298,0.062375774557482,-0.0024261620591038424,-0.0020633837311108127,-0.005669597038352903,0.0033325510376793765,-0.005210688492229609
2021-02-09,0.00536141644792254,-0.006573703549399013,-0.005398815903546295,-0.016168216250329714,-0.012154756099217567,-0.00449130750736304,-0.004379966089267828,0.010766093255154985,0.00463783610179358,0.02034973051895439
2021-02-10,-0.0038970766167401028,-0.004558407205827675,-0.005573350075642969,-0.0525510487178642,0.035125234658038185,0.00569705590231373,0.005343616174197097,0.008981194626927591,-0.006813779017771138,0.008084890878433226
2021-02-11,0.006877527308347009,-0.001920347657658139,-0.007439403397977995,0.008498752442171797,0.03295117077972454,0.00024339739258638637,0.0010879663460754418,-0.005443704811926797,0.008017500346626516,-0.010646036502700573
2021-02-12,0.0020450699241003623,0.0017759934672560984,0.004776044657569534,0.005494938950254102,-0.018982536908864422,0.0039220638581514145,0.0030065967684020922,0.0004067642808480709,0.004470220736883412,-0.0019189851829970461
2021-02-16,-0.005265516172319851,-0.016103865692637553,-0.002672600719475282,-0.024383698625102368,0.024663569311943467,0.008454783302839886,0.007479569162776922,0.012828099815157312,0.005613060344904719,0.0013656453904389299
2021-02-17,0.0043595814118535525,-0.01764411187353765,0.012141495769263377,0.0024240198315750305,-0.02767405211192564,0.0030209516452486262,0.00375238839430847,-0.0014599919645948978,-0.020751941010925923,-0.010658917762868647
2021-02-18,-0.0016790345298545173,-0.008636397949082664,0.005920888230068977,-0.0134937275902407,-0.005165723742351025,-0.005220154813918465,-0.006046415729375476,-0.01527942352247691,-0.005822152425455029,-0.0056590413305870335
2021-02-19,-0.011567245032900297,0.0012333946076581448,-0.023535055711504604,-0.007721833119193833,0.006575093647383623,-0.0075855178403978485,-0.008072902837244933,-0.029065728364134014,-0.01894055755820956,-0.01459268254202295
2021-02-22,-0.026808305156927226,-0.029798908463605,-0.02128062835333444,-0.08549851404835807,-0.03823734974448889,-0.017257304057098244,-0.01654054127666371,-0.004702595998643422,-0.02460763091300333,-0.011920962470304497
2021-02-23,-0.005287588970476542,-0.0011111179240406166,0.004326040494746719,-0.021917386983904885,-0.014889599113345753,0.0028961607158046743,0.002852660798279283,0.021242262805475365,0.0010057154753049247,0.023174330862798298
2021-02-24,0.005487211779994672,-0.004052155971409621,-0.010946930975113456,0.06178809360042581,0.025243951781696472,0.011738994303780892,0.01149930132933119,-0.005830087592910926,0.018854226648676198,0.013292957394432037
2021-02-25,-0.023705026556678277,-0.03478266082713111,-0.03240042539883703,-0.08059088351821031,-0.08217802018633069,-0.03045573360421694,-0.03256539995423824,-0.03639664058413716,-0.03663293857405203,-0.012124756197698705
2021-02-26,0.014804158781506871,0.002231708266428045,0.011700408558804831,-0.009850152862206363,0.030584321391937674,0.002707545703672931,0.0029564637738370703,0.011504153979314813,0.001110743521990143,-0.0143589460905299
2021-03-01,0.019623031480712427,0.05385121151507688,0.017203739551122865,0.06355291339748326,0.009278388685685535,0.021921008478155146,0.023616222876907678,0.02829752791509832,0.021537176061123597,0.021880002830323875
2021-03-02,-0.012956900648390723,-0.020893666502975416,-0.01640418600419813,-0.04452763847792185,-0.03146287578107643,-0.002723946544941236,-0.002502793801999248,-0.022309478354014978,-0.006346254989833655,-0.00512132776983143
2021-03-03,-0.026980792473633053,-0.024456609911986282,-0.028931704705070116,-0.04842373682062895,-0.04486704835380084,-0.023667587539141888,-0.025706205201369903,-0.013860988416988462,-0.03887778168308598,-0.049505302204123414
2021-03-04,-0.0036474003065039007,-0.015811911375471444,-0.009128097171381078,-0.04862218220534875,-0.033932752479566064,0.01104258992685736,0.011196135854615097,0.008731102795801249,-0.020938819821014976,-0.01807183173254856
2021-03-05,0.02147932071760006,0.010738367514935288,0.007687440589895234,-0.037799288627062055,0.007376606751186454,0.029012853728664467,0.03104335563350702,0.02577233198810358,0.004031314645065898,0.00997478125961182
2021-03-08,-0.0181778953229339,-0.04167348984820218,-0.01616752452308423,-0.05844972204800292,-0.06967455419345259,-0.04001346592403976,-0.04271200536729036,-0.0339412783182278,-0.04452958187710587,-0.04465622364909583
2021-03-09,0.028101502299604286,0.0406497261652945,0.037568437419622125,0.19641210834813494,0.08033309358877228,0.014094619710714351,0.016368610211706214,0.04085226619288118,0.04268751302884577,0.02657453498767337
2021-03-10,-0.005817451289415798,-0.009166639867895898,-0.00170109696305476,-0.008195045667454881,-0.004153285944090146,0.0011351283946126056,-0.0020437785639086936,-0.0031609694875053274,-0.0049409878286509334,-0.003751664545645461
2021-03-11,0.020265036065293396,0.0165026308147469,0.018298490652247645,0.047211295533967856,0.04212696393648896,0.029070130439441844,0.031603190205525156,0.03389962704189409,0.03215026584860148,0.03670668067871685
2021-03-12,-0.0058195967484291344,-0.007625442387435122,-0.0077402924980020105,-0.008390503432493035,-0.010582155890589084,-0.02499094345965802,-0.024060497806107306,-0.02000880276017225,-0.01498694193671335,-0.009635563834495153
2021-03-15,-0.003987310954997381,0.024456737721632482,-0.0025279441025151117,0.020483505700589877,0.026077387357907655,0.002216413911732884,0.0021658248780487277,0.019932958716832205,0.00740492480049304,0.004304814319724404
2021-03-16,0.012350460069715297,0.012742997068122985,0.0033034498145929625,-0.04387377025207295,0.007580731723670686,0.012596252643836792,0.014334783612932167,0.020200909589040972,0.006590882339559734,0.007265793368572915
2021-03-17,-0.002818542597241458,-0.0064506165683212435,0.01418882856332293,0.036830742252461635,0.0037617956115112428,-0.0006881377412102374,-0.0008013484808432336,0.016936447353682604,0.001043194812028414,0.0007823463872527192
2021-03-18,-0.026662182945564994,-0.03390510735477337,-0.034358822566731395,-0.06932079214978626,-0.04637870093446084,-0.026235297049202688,-0.02923802760894756,-0.018978257139598775,-0.026230054184384954,-0.037468524378504675
2021-03-19,-0.001603661274306889,-0.004480184263946474,0.015511930737921675,0.002618075311850099,0.009687574347294614,0.003427910588938987,0.002780331411109005,0.04123892831165965,0.005282588089116302,0.014639719226297032
2021-03-22,0.024484488750757816,0.02833573950762136,0.011678251572525111,0.023103829944140175,0.02650674590651625,-0.002256257395534811,0.0018401843508344395,0.011823184920711993,0.024711220838052217,0.021340138524309937
2021-03-23,0.006737539791024982,-0.006888723159357624,0.008560268348869915,-0.011701532835820871,-0.008758959438865732,0.007048987407799245,0.00523960590200212,-0.009913483378001908,0.01721891189656355,0.022901573939560604
2021-03-24,-0.008923286665970753,-0.0199935409337767,-0.016073285099601597,-0.04816049640620601,-0.032725846787733937,-0.0038480545895069884,-0.0043108792746291424,-0.029212365736290602,-0.018883098160371148,-0.02668715221635032
2021-03-25,-0.013250694637525817,0.004163493367978166,-0.013219673379956443,0.016056602216300675,-0.008522508998467293,-0.0003423244207029219,-3.447329141526012e-05,-0.012050842912161963,-0.0011517352627465893,-0.034465569149845665
2021-03-26,0.017818731160028634,0.005141421542580238,0.0018941321427123903,-0.03385435826946792,0.024251526009044344,-0.00430938585407703,-0.003803263605840823,0.015354807898213751,0.04013394177551488,0.010320970359174675
2021-03-29,-0.005243604469918339,0.0014850636508778603,0.007765307279026246,-0.011992765166490171,0.008489677988400723,0.010021813027894844,0.010401416094011573,0.027559954431345624,0.000490334481573429,0.011613077727304244
2021-03-30,-0.014410769353577102,-0.012274506980557542,-0.006645557683187864,0.03980110565463901,-0.0059080503185936495,-0.0001993783943041727,0.0003323566871664685,-0.009696743456855672,-0.00822469944265547,-0.0010895942930730929
2021-03-31,0.01690744703799041,0.018765698862854174,0.01269602509249701,0.0508322555208478,0.03701900144365999,0.00636808028627267,0.007842797220306785,0.022673607638888704,0.021290775129156003,0.016108529107252023
2021-04-01,0.02790859650725963,0.006958596185322019,0.02162837428669806,-0.009252456192665681,0.03472350948157654,0.033413476991717594,0.03261059691435153,0.014022357702177635,0.01676588990434702,0.03404518444814619
2021-04-05,0.027728508040417932,0.023577337819185917,0.02079404618791525,0.04427652134491877,0.012724800824803317,0.041071242661677054,0.04187283699991906,0.034319962039510266,0.01713079626872016,0.002317303843747398
2021-04-06,-0.00485808899557294,0.0024622234177107405,-0.0009018145360896179,0.0008248419215659553,-0.009008055583683339,-0.0003594837152098851,-0.004371395234922915,-0.008578530852629829,-0.000569543555688834,0.007139375444114471
2021-04-07,0.008230414659947893,0.013390418640275348,0.017237260091402806,-0.029857471081355946,0.020344163326983633,0.011205722890212488,0.013475108798986613,0.022301266169226563,0.004212984932739028,0.004517585567351823
2021-04-08,0.013405346000830987,0.019233688748805378,0.006071298823753457,0.01912159642685407,0.012267135255517925,0.007005444986118103,0.005091447123239945,-0.00022360024559830993,0.01303174225871584,0.01387598884579222
2021-04-09,0.01026664375797659,0.02025161550182286,0.022095566004097122,-0.009915133253848407,0.005797216024608032,0.00902250447256514,0.008993832561590809,-0.0017890167391194645,0.00840271493600131,0.0013162771423838038
2021-04-12,0.00023447552643141023,-0.01323308815690627,0.0021321220877985603,0.0368673883528583,0.05618063073070867,-0.013600821386641537,-0.01147229931907301,-0.002944319357674141,0.003948079447002817,-0.004555957949815115
2021-04-13,0.010081665533870687,0.024306687615886835,0.006098765650773608,0.08595690577956372,0.03093553912191016,0.005534874992411565,0.004370367585010859,-0.00571354865692375,0.017449530694720883,0.001718497322919621
2021-04-14,-0.011219046454516213,-0.017853235280929303,-0.01970588235294113,-0.039471648026679795,-0.025670415946565384,-0.005482334212666973,-0.0055535192388493915,-0.022404451110393686,-0.008215787055193435,-0.024759287911411132
2021-04-15,0.015297944535695995,0.018707918823063885,0.013828409240923989,0.009040869919038297,0.05631004999480416,0.01854669172442014,0.01933177054440005,0.01651145857083347,0.02471455824457469,0.017036314690703325
2021-04-16,0.004778387386485505,-0.0025278976939731024,0.006022287796429993,0.0012587846385745394,-0.013927362438947766,0.000478999086565679,-0.0010939722131058094,-0.0053278343275456885,0.003497404682274219,-0.004879635012398298
2021-04-19,-0.007670466040730073,0.0050686157997550385,-0.008068955909228737,-0.03399662469125675,-0.034611135288496575,0.002019310972341426,0.00307086189902539,-0.012868257528505622,-0.016968907045647463,0.014454613235996394
2021-04-20,-0.0018550932131301545,-0.012829904244931245,-0.011067603266100567,0.006101038256852931,-0.012400984969433315,-0.0038090772121653904,-0.004694815156632948,0.0013565511301136812,-0.003797123165916516,-0.008783628494395734
2021-04-21,0.00898311138384078,0.0029297435616975065,0.0081956881999663,0.0349518148368102,0.012474294100534244,-0.00014816863109390344,-0.0002895608168039798,-0.0038988700591217063,-0.003636636627047385,-0.07400333439230067
2021-04-22,-0.013086141202902302,-0.01168532794663113,-0.015758377607757335,-0.03283071704046869,-0.03321823290553161,-0.01106275986401728,-0.011337185633882307,-0.016419583983747765,-0.009856770374882196,-0.00023579288939823417
2021-04-23,0.015476196240594264,0.01803843001423311,0.009622078797699274,0.013491950663502505,0.027945537116989216,0.02089144618396266,0.021047498614462867,0.015547066541945487,0.01685430000258492,-0.006348541621817971
2021-04-26,0.001531686896689477,0.0029779911296556882,0.020389873142889092,0.01206469387228859,0.013936952226685895,0.004941018769874406,0.0043479585446779545,0.006342788723428638,-0.0002714310496885197,0.009395707868160352
2021-04-27,0.0016057356182714866,-0.0024495831862045847,0.002472845995893147,-0.04532649885678952,-0.006218427285308303,-0.008432344432262928,-0.008203691262441248,0.0017489373820602783,0.0031413514878879667,-0.009308250267879736
2021-04-28,-0.028285667261216063,-0.006027144052127897,0.012017822988974691,-0.01467202960910452,-0.0068262751017841294,0.0315500673171063,0.02970783664377552,0.011628286453213565,-0.0035568448447811374,0.0019187044269102227
2021-04-29,-0.008053102544793966,-0.0007487142029976024,0.003703934942894227,-0.025057637382800646,0.003141875979359998,0.021000786940711613,0.014293937551943303,0.07297298457232859,0.0011834543021438382,0.0048961759730274945
2021-04-30,-0.0013068882587412567,-0.015133215355362828,-0.001120653855138598,0.047917285081240824,-0.02057115587100078,-0.008136078946191172,-0.01640783439873683,-0.013444274424318725,-0.015016819923939329,0.008781868369351686
2021-05-03,-0.0012689199383911776,0.008215274809149076,-0.023340101233922605,-0.0345906319502971,-0.011509418614816358,-0.006203091246177905,-0.004427415338857044,-0.0076904149746998,-0.00959988401148748,-0.008491219051250054
2021-05-04,-0.016159740294998892,-0.03538553365862129,-0.022034576573486397,-0.016498828447989777,-0.032722874073449426,-0.017084350310240803,-0.01547108882037962,-0.013082032891271744,-0.025344574004093956,-0.011647762123541905
2021-05-05,-0.005327133346988422,0.0019555381405140793,-0.01247937767482199,-0.003948892658511505,0.0074732293692245655,0.0010576574280556361,0.0034419275505908065,-0.010491255677122835,-0.00817201936404277,-0.014110270874780229
2021-05-06,0.01322677024530683,0.012802486633780363,0.010955401118084351,-0.011029337910903103,0.0044610886336309274,0.010442436630440532,0.009754782464307166,0.015872008680693606,-0.006328498607620858,0.006994841741116087
2021-05-07,0.010931804973458803,0.005327310432458043,-0.004464113053801788,0.013307437822533075,0.01991657748858011,0.007281517746829058,0.006237762161721339,-0.00293732276829739,0.010587097369381127,0.008587745176765083
2021-05-10,-0.020914190302346758,-0.025804453599486465,-0.030720563406023138,-0.06444371004390226,-0.03689503588415166,-0.023775490122839527,-0.02558746805387402,-0.04108683256277046,-0.019131229491859525,-0.0340385720390487
2021-05-11,-0.003843408325015285,-0.007410319869721627,0.010474855619277523,-0.01882227905076006,0.0028389336384859742,-0.014049820741006136,-0.009464357368823006,0.0018302382526709238,0.012119815051526928,0.017238868613536962
2021-05-12,-0.02936270342004299,-0.024938484570086406,-0.022323815790296853,-0.04424821203665186,-0.038287466210591536,-0.030180673477621434,-0.030752516314811684,-0.012984083166359128,-0.02699974431872154,-0.020400695372887356
2021-05-13,0.01686184752971931,0.017919724712706753,0.0030235442864994244,-0.030853231173950113,-0.006777679632170686,0.010222900567471438,0.013084894443813111,0.008957270228019398,0.004384774126838353,0.0034640458614696445
2021-05-14,0.021067382795289413,0.019844689131234272,0.019430812743278736,0.03157303422633584,0.042278799024506375,0.023956967464092038,0.022135019172708548,0.034986541473283506,0.026151497164235815,0.013787841500942477
2021-05-17,-0.011968539479259577,-0.009258567623045888,0.01473517404947322,-0.0218909574031092,-0.005441284967233062,0.002266682871419956,0.004626111334042227,-0.0015193106189825833,-0.00785105231770411,-0.008979048269848744
2021-05-18,-0.00856512445008395,-0.011245685830422514,-0.011653003234131543,0.0018029193511959196,-0.010571311731243371,-0.007745284409727327,-0.011555647161692217,-0.01743485753158469,-0.004391587695065313,-0.005440346441525135
2021-05-19,0.0024739956491997006,-0.0012814992076254361,-0.00014849579729903084,-0.0249363578740579,0.0035673342458055757,0.002292246413337029,0.003991226012166171,0.011711205011617043,-0.0003120843942416851,0.0029201550607060867
2021-05-20,0.01382031973012654,0.02101210211182125,0.004913634123161037,0.04138715452646613,0.038871034002665006,0.02052233836227635,0.015606405899185605,0.016008128652165388,0.023310533387494337,0.028644659947229867
2021-05-21,-0.00531482516741566,-0.014767097444939314,-0.013732835419078548,-0.010054916166889583,0.02595375446121828,-0.004664503304001033,-0.005557150468064043,-0.007469866332029729,-0.007321996267443676,-0.00753482947365236
2021-05-24,0.022882116090336968,0.013314186552154217,0.013084253586993944,0.04400219800989724,0.04137273256748175,0.026254667786892893,0.029165809876685156,0.026562924794636178,0.019997090294466835,0.010062421115233589
2021-05-25,0.0037482976434592974,-0.001573565960478529,0.0043328512702129895,-0.0028856935463171807,0.0022899433053507057,0.0009972892327525518,0.0007751151906660869,0.009734171060373775,0.014563204686984799,-0.0031020044116365497
2021-05-26,-0.0009136836777059454,-0.00039399173433007917,0.0018747373952956448,0.023880009512708744,0.0033391690617996517,0.010153279194700549,0.0073808297267488054,-0.00039661062396800784,0.003761827926078487,0.0020345254879685637
2021-05-27,-0.008668369954288213,-0.01237684121117788,-0.010734483438678222,0.01892974158149552,-0.01350318724107491,-0.01274692263105004,-0.007406651471030035,0.015534383012459463,-0.017160463551293748,0.002985906610376121
2021-05-28,0.0014840357211680644,-0.005348014676582524,-0.0021795043409645887,-0.008924475254319386,0.048844277427416705,0.003766914169901714,-0.0024674666767348086,-0.012081108940646179,0.012643469560575493,-0.002083886459052664
2021-06-01,-0.009131650954109394,-0.0026482535861228618,-0.0013714148022673234,-0.0021111721653561677,0.0012311987099329347,0.007567715318509416,0.010323029886646573,0.0012167857713483166,-0.017182574068281498,-0.007418331009400481
2021-06-02,-0.0004041999782794514,0.006276125589849357,0.00476600079756051,-0.03010102304467932,0.03158713460725826,-0.0035105748156752936,-0.004447309444232328,6.073284020402525e-05,-0.00028233953513867593,0.00032059590480026934
2021-06-03,-0.00642936949614803,-0.012154140229899357,-0.014526940449806403,-0.053344738674517056,0.01141353461446526,-0.0068847559143684345,-0.009706448245302868,-0.009448534275227738,-0.0053048269527262715,-0.019649862183516054
2021-06-04,0.020674670390118832,0.01902216444734539,0.006027581005307203,0.04575441618013887,0.03585802550515438,0.019608128096419097,0.019590381785477007,0.013219227337219142,0.023036023552053475,0.010849349398168062
2021-06-07,0.01204197385161887,7.944647002489091e-05,-0.0025606356002577657,0.010149431803343933,0.002318195427027936,0.005844812682135103,0.003647263607074791,0.01885872827863677,0.00985133994053533,-0.00016167280110090942
2021-06-08,-0.004885458869407278,0.006671929749789696,0.020669133865531597,-0.0025448713289304425,-0.009194595123231064,0.006796187244559437,-0.0016068384137138958,-0.008616061893186755,-0.0005299409179541081,-0.004588988358961821
2021-06-09,0.00403842051331571,0.003077149720224881,0.005220349326898521,-0.00796898189969586,-0.005428917720711857,0.0034435441780746867,0.003960908020919307,-0.01027928875555939,0.010761942008752357,-0.01336342492647824
2021-06-10,0.014393293217590086,-0.008023229792282205,0.020876827345878368,0.01893845060086341,0.0038454722721408263,0.012121777790773836,0.011291785786280206,0.006691872823618494,0.04049123199548976,0.003005271620614147
2021-06-11,0.0025268816203363187,0.009832649332085275,-0.0008418264841100198,-0.00037694224395989906,0.02296981659045283,-0.0030417852561488434,-0.002024504743839972,-0.0036093997247325094,0.01071853485514862,0.0030783755081620345
2021-06-14,0.007755273311062405,0.024577897014280037,0.011067200346823292,0.012789169863684613,0.010855405653525718,0.005214985045175924,0.007698938925704946,0.016633396225520736,0.02898792024188168,0.022751040878657536
2021-06-15,-0.005887196072539069,-0.006437791481873734,-0.00021875366796175744,-0.029675107158363856,-0.012778350082018886,-0.002524743138824448,-0.008379246169672894,-5.935505137899533e-05,-0.015243719933702105,-0.015983557903232026
2021-06-16,-0.0037931240911546205,0.00393400297442148,0.009494201556198512,0.009193156263176183,0.0012226514028350621,-0.002669927810555084,-0.005328609725028244,-0.01683745508537482,-0.009353471163300209,0.0010368164387495327
2021-06-17,0.01367627944192118,0.01260086047258957,0.02166458970792773,0.019392565504922965,0.047556882773296394,0.005366096257610531,0.008039978635019818,0.016400939993996166,0.014779172415942732,0.01204279350912607
2021-06-18,-0.005634349502509961,-0.010091737310311877,-0.0006706583687869916,0.010882293644461694,-0.0009915696344084957,-0.0063581931360593424,-0.01340939944682884,-0.02035602447606244,0.02580898575728141,0.00487617493980963
2021-06-21,0.012334704399296736,0.014103894232647907,-0.009446769888951101,-0.003978728093496642,-0.011347230814710452,0.007067911405158389,0.014166075301519587,0.007977931711728115,0.0031117044431194785,-0.007528384453565962
2021-06-22,0.010966055102493488,0.012698351713868572,0.014904625583759046,0.004638959008323784,0.024935825425247637,0.00430583669211515,0.004252481067213987,0.02028345667172915,0.014788075006457957,0.023782710261569306
2021-06-23,-0.0009040021579251878,-0.002089761922024147,-0.000462102625423344,0.05268471539807984,0.00902748028723055,-0.004236241104241478,-0.0016635539877625227,0.0046013538760620865,-0.002622729055176576,0.007704066164992751
2021-06-24,0.005353075548969244,-0.002169108858914859,-0.015622945510225916,0.03541130382460489,0.007779188600836484,0.006488106312894537,0.0030541816637135177,0.0076044423806271855,0.007018146283480409,0.010375644778555237
2021-06-25,-0.0062619519497338905,-0.0022486194753859046,-0.013806613915329335,-0.011694289544497027,-0.009085927016168505,-0.0022548322784317065,6.93559183673198e-05,-0.005274194407947297,0.002420992245339759,0.01739182533834649
2021-06-28,0.013961217292519423,0.012545889123712461,0.012474035410231954,0.025079220869209884,0.0501288065386003,-0.0013819477677983194,0.00022449422591508394,0.041802209359378395,0.015767890531920514,0.011307837518441888
2021-06-29,0.009973157142553424,0.011500218187325384,0.001234069651482983,-0.011557616063379683,0.0020890297130882196,-0.006315975333371249,-0.0021503966435828525,-0.010544370267220882,0.003311841100105406,0.0008816970422504955
2021-06-30,-0.0018422231405331724,0.004621274354627447,-0.00231428574467063,-0.0015570802991202726,-0.001210904182625594,-0.005574597518527846,-0.001496621101774509,-0.01187877979430596,-0.008649995768091445,-0.009915610121836949
2021-07-01,0.002584007090550733,0.002263411451743691,-0.0020900019719781726,-0.0026188450324758916,0.010473712772782307,0.008398787237416716,0.002907643116976555,0.019211481328990532,-0.0015539153348324009,0.010090599909140074
2021-07-02,0.022275333848025713,0.019596463516916574,0.0227237667847342,0.001445658816049411,0.01360576305046779,0.01860026977599971,0.022973678465828984,0.0008747340130337289,0.014263039839346181,0.0008246842188832648
2021-07-06,3.60133475425517e-05,0.0147184065992636,0.04692707191113055,-0.02845780868612846,0.01032360477010541,0.00817285713695104,0.007444722962530292,-0.005413061559186083,0.006457950924501965,0.014345172641116566
2021-07-07,0.00817543913484231,0.017955256152511367,0.005669630620418253,-0.022635605408282022,-0.01578615920592652,0.00236190180557605,0.002250547147049309,-0.00649132322266377,0.014860103272503755,-0.010486656898862967
2021-07-08,-0.008966470426177153,-0.009199730301825526,0.009422177597960824,0.012657990686741893,-0.023022106368185025,-0.006922799738918295,-0.011306710164197487,-0.01380922747608282,0.00029712926367664316,-0.009702238574801791
2021-07-09,0.0018744380235173885,0.013055052247320509,-0.003234655072653414,0.006341836081989793,0.00741107194339552,0.003077154168308338,0.003794758022770628,0.013800142001449078,-0.002392956467174745,0.009834896943347271
2021-07-12,-0.002230659938077917,-0.004203819385308449,-0.00021241375655556283,0.04376284264380215,0.023054595459202076,0.007636548501582352,0.011607807471363474,0.007819162428944981,-0.0071132969396194845,0.002481469550411175
2021-07-13,0.013197667080117048,0.0078893247488383,-0.0110768825099119,-0.025025570511438167,-0.012797103140235855,0.003297181422283968,0.0028824725916318794,-0.003029810816289502,0.008013991842439339,0.0062719752331874545
2021-07-14,0.005445311074939507,0.02410047118594072,0.0011747081804083237,-0.022676240013877025,-0.020172885397757967,0.008305695998194418,0.007032236722311902,-0.012667190350957869,0.00631395668974144,0.013446066239036991
2021-07-15,-0.0052388653886722425,-0.004492070409551352,-0.013711126967133613,-0.004254842478689014,-0.04411196077951507,-0.006177890562880539,-0.009607169575111651,-0.009118930916219292,-0.004369091414229698,-0.009124919957114619
2021-07-16,-0.000996277942911017,-0.01407596957964763,-0.01585428199406802,-0.009806340663006674,-0.04245702323052003,0.004410810700352652,-0.00027565685326780276,-0.009580175016610237,-0.00011549070716687648,-0.023280253652522398
2021-07-19,-0.013321443021376833,-0.026914424827907735,-0.00672699629985718,0.003104529648305432,0.034070214501991325,-0.01965551942602739,-0.018839034750817385,-0.012340227314571184,-0.006682046131610497,0.0037148667900468446
2021-07-20,0.008338997592211905,0.025974071236220198,0.006648613618734034,0.02209778348060376,-0.008932556428471572,0.014293542128330117,0.013096165144458327,0.01397831082433676,0.011078786035952914,-0.0023108907585935867
2021-07-21,0.007446636049545985,-0.005131826295802111,0.0033611451387436375,-0.00788799697199094,0.04287564731825966,0.011433881636906174,0.010613321353062144,0.013375891080303237,0.005815546012371664,-0.03280290630568661
2021-07-22,0.016844399963177548,0.009628650541599004,0.014735601562547274,-0.009201984163414223,0.009479651644511256,0.005490197225914706,0.0068404895909846,0.014325710777278733,0.018652178508277828,-0.0036213149190923444
2021-07-23,0.012336614580213734,0.011989108729331788,0.00511536844161653,-0.009056471843999714,-0.0018373148227311953,0.03365746922499402,0.035768979272275514,0.05296280330896219,0.0035114193570100483,0.00711253898868236
2021-07-26,-0.0021404346197918533,0.002894521092934532,0.011808703143741495,0.022133093800451586,-0.013498269050064682,0.013267626435900626,0.007668271106362035,0.0072202653803985495,-0.008100735041628004,0.0020954522740677106
2021-07-27,-0.008683563733741018,-0.01490037301033409,-0.019846958406194548,-0.01952490206749269,-0.00445734212578186,-0.020394631790806472,-0.015928657358340814,-0.012484543608336174,-0.004059212385165156,0.00468544027348905
2021-07-28,-0.0011168020413739876,-0.0121960323965693,0.0010837706688919813,0.0034119403533821036,0.015358090268962066,-0.003033721332889705,0.03179677141774073,0.0148718116139952,0.004269835472884065,0.0007516043635569236
2021-07-29,0.0009783210386742347,0.004552447807685045,-0.008373957510789953,0.04694116810229576,0.008152604259977991,0.001165911848898693,-0.0023255375961056535,-0.04007713255485734,0.0012562472159960425,-0.009724606425371207
2021-07-30,-0.005549783891438009,0.001510534487972004,-0.07564885883592165,0.01454201867425775,-0.008290038859309234,-0.00966384934500486,-0.007740612259288127,-0.005637471981853381,-0.00011260575623095459,0.006456017501215383
2021-08-02,-0.00031583988950911746,-0.002330847031863037,0.0011689817246505196,0.03269786176895462,0.012872426606081122,0.0056833322646998585,0.000950094811505986,-0.012208745850420755,-0.004632989039838886,-0.004675663132079455
2021-08-03,0.00807523575688851,0.012644165046683975,0.010433804257770074,9.864726094810372e-05,0.003291071384286859,0.0021362160007527553,0.005750645879055938,-0.002017394447482057,0.00408893575757574,-0.008405351447678622
2021-08-04,-0.0021245178003310716,-0.002782254170168752,-0.0034222215392314403,0.0016625708239998982,0.023164332930969422,-0.0018454761590633861,-0.0037197108440124582,0.021865457290327406,0.00708209469903931,0.01278330705633457
2021-08-05,0.010505718135019437,0.0007485855142956854,0.006340326222119774,0.005218621066669371,0.017904651374509584,0.0067007945189228035,0.00833300114214941,0.011283817712332667,0.010228909461070135,0.0145743487963359
2021-08-06,-0.00020720719688760436,-0.004767162485710852,-0.009197316666214372,-0.021731565833147504,-0.013131661351350576,0.0007010084583214393,-0.003765099426726426,0.001487751049707331,-0.0011074737077156893,-0.00826845029620149
2021-08-09,-0.0039039147836823496,-0.0003421367819778087,-0.0009177516051550594,0.020969867691713384,-0.0034862523640374343,0.007049267420396355,0.00865266296111522,-0.00522688494878043,-0.0034211314626600986,-0.0011142388115855661
2021-08-10,-0.006554865548188404,-0.0033540085012663257,-0.006340816446517739,-0.005281915415799143,-0.017689105713958986,0.0006847339072242331,-0.0007742570070984334,-0.0013273416661877535,-0.011887704371671859,-0.007942658673264047
2021-08-11,0.0017805036644866767,0.001785658560373049,-0.00860360696756246,-0.003056357174838431,-0.011887971175334355,-0.0029471757794035103,-0.0038593841736731527,-0.0032398692542868757,0.006900053187828492,-0.006668739958017866
2021-08-12,0.009966849607016881,0.0207733771890104,0.00345975457375558,0.020386528859447584,0.010457358857449472,0.005083902476851199,0.006714095523264962,0.00747306108250223,0.013290012642508398,-0.0032787332578266826
2021-08-13,0.010489591623560335,0.001410491301047756,-0.002884827909792609,-0.0070335991692627164,0.014217517815298564,0.00011925687835745435,0.0038887146868593625,0.0014614614884014276,0.0046662285993370745,0.010181668996354754
2021-08-16,0.0059758130437082,0.013547871683511126,0.0015240026606788692,-0.043225456634874204,-0.011789169921310516,0.003684793494819205,0.00422569631807046,0.00930669382991045,-0.0005805589134973976,0.0038765701385905516
2021-08-17,-0.0051596208558830625,-0.006153985726883082,-0.017287117927872186,-0.02981762756590889,-0.024661631072120604,-0.011629350546086936,-0.011915292045377335,-0.022124579998497262,-0.0030301001569063013,0.001911472877075715
2021-08-18,-0.006119164731679283,-0.025501121449174935,-0.012566469200758879,0.03497013298682172,-0.02148222756915219,-0.005320486067710961,-0.008872286700148058,-0.008369367832522179,-0.012976157651436004,0.005704307402085718
2021-08-19,0.02077521333014376,0.0023230630910322514,-0.004207761766459428,-0.022525753966324058,0.03981090152846023,0.002515236965106915,0.0017054825189219969,-0.0009284484142878524,0.01737471903968868,0.04184955488770714
2021-08-20,0.02557534886049395,0.01015685394978405,0.0038271354403576208,0.010082170389746903,0.051419422974909645,0.011127452653482361,0.012894305990698074,0.011967785705786493,0.015180589044123671,0.005830282451552815
2021-08-23,0.0009528486473016073,0.01025715016440909,0.02060037407128812,0.03827944847147502,0.05486163092181506,0.019232575175829325,0.01900610433984795,0.011074967457981533,0.014706271206677668,0.011794199716627096
2021-08-24,-0.006663381060168283,-0.0006013037354005712,0.012220299819106328,0.0031006683239531707,-0.00751439057318104,0.009206262634545936,0.008711668084278479,0.005944692347136016,0.0005785175055228464,0.00014449966122120905
2021-08-25,-0.0020156797636586843,-0.008421329341845807,-0.0019965324196106193,0.003825067450847097,0.019272269141608955,0.0038729442769114275,0.005787174182542154,0.007879414848310118,-0.0006694693060294021,-0.010534605960200172
2021-08-26,-0.00966860005732939,-0.005527076316614199,0.005098257247765137,-0.014117039975527934,-0.006527747952643992,-0.005785253235397025,-0.004493985265052958,-0.010885229883334402,-0.006714331730468981,0.004638551300530702
2021-08-27,0.002106406126669791,0.00718459955420192,0.010141701749095233,0.01534601291337534,0.025738638166492356,0.01708029300891889,0.018124235254637133,0.02264119843787804,0.009396227500508392,0.015996488184364166
2021-08-30,0.012912034522513993,0.030417124745034663,0.021477054932280693,0.026674332022507796,0.002297241989358767,0.006357599225330857,0.004072796825894454,0.02154952336701932,0.011343573123258954,0.012989354864415326
2021-08-31,-0.005632567023058255,-0.008424745124410715,0.014385200367610818,0.006580835092805604,-0.013181052956816375,-5.152386084816829e-05,0.0007399835937842436,-0.0033625781183989067,-0.003438457085518709,0.00531634645733603
2021-09-01,-0.00016568835024355355,0.004478640392841848,0.002365444439953901,-0.002215440744098074,0.002501666227339605,0.0026123998109897073,0.0035799195478207757,0.0070377536106573935,0.003299688052438965,0.02262865643237344
2021-09-02,-0.0022529007364666676,0.007474902689963869,-0.0045644964070135075,-0.0023158086031319636,-0.002005244828568342,-0.011128551453177815,-0.013280286269875763,-0.01772016545646382,-0.0018771868804789982,0.01113264886022547
2021-09-03,-3.313631146872886e-05,0.0042304609364596235,0.004311121617385227,0.0016111524950268574,0.019958858100946664,0.0038552886412568377,0.003158014694836231,0.002611412818726011,0.002933937102778783,0.0033642698842430985
2021-09-07,-0.0031879589300013444,0.015489332626509533,0.008982041534733476,0.02637781781609827,-0.007923644247539774,0.005138968399240218,0.003763776781334549,0.015733755495302315,-0.007800914789263702,0.02739910284901015
2021-09-08,9.993337563973803e-05,-0.010083608025237889,0.004619156815154346,0.0012617702032753364,-0.014252917091450823,-0.004367114091957891,-0.004085804583023656,-0.01206234257270511,0.0027668334242996195,-0.0010878903859610212
2021-09-09,-0.009859735147855209,-0.006704910050819635,-0.011726021273578247,0.0013132105091939739,-0.007251868961242081,0.0002070967419178782,-0.0010439066917949935,0.0011388431073129368,-0.002321971694667191,-0.014041762508870792
2021-09-10,-0.005180854499579501,-0.03310188377722434,-0.0043080714947391074,-0.02462703729089577,0.013572597491588567,-0.020650283647484224,-0.0185661402447741,0.0018254021164021417,-0.0041409609312457185,0.0019747515537780203
2021-09-13,0.004328561898336414,0.0038934568932333935,-0.0034532898082880736,0.009140641092516555,-0.014503047488669152,0.01087933704264632,0.01033883762785126,-0.005756666372195296,-0.020927516857596973,-0.015750256308052824
2021-09-14,0.009427991158893922,-0.009562132745478347,-0.0020739281440502744,0.0020053701211306674,0.004062811410927791,-0.00041122642451119074,0.001489466968530584,5.309022195709723e-05,-0.0002170254898727908,-0.019565864736291294
2021-09-15,0.016778404379713674,0.006143682439047948,0.007475373623188508,0.015231940190357562,0.004451065591682957,0.012551775564286771,0.013224009490008015,-0.006931681424937386,0.024914352879577883,0.008844476792362332
2021-09-16,0.0013122301384898005,-0.0016104393704560183,0.0035819053683638913,0.0015347008902930614,-0.004431341400450428,-0.005733284206301925,-0.00567409583938161,-0.00229999724566754,0.0060960366315232495,0.00622781243011139
2021-09-17,-0.01752835981413947,-0.018347958441024104,-0.007373337291509019,0.0033025535780202286,-0.015376306225845737,-0.02015603680194955,-0.0195668658027911,-0.02235564532437484,-0.01598232659219523,0.004859294117647073
2021-09-20,-0.018574739363303228,-0.021361050097267298,-0.030841710483452967,-0.03860486298180177,-0.03593605022831048,-0.017294189545047356,-0.01477631640624999,-0.024731270495911173,-0.020153407901033038,-0.02361921365378994
2021-09-21,0.0016989467223491594,0.003427928327815355,-0.003605801739745451,0.012613531389169763,0.006299445689872396,0.004528166915384935,0.0022599631781459184,0.005004214056647083,0.007173099779831382,-0.003979594438693113
2021-09-22,0.012822249504298,0.016872446249366346,0.010892403547764218,0.016987201324168977,0.03271202471531498,0.009251964291669967,0.008994271428903966,-0.0399183718275089,-0.030670853457921865,0.030551014659131903
2021-09-23,0.003282239408765264,0.00671926755982577,0.010635922687191046,0.002260835964941643,0.02465704799859547,0.006300623631579683,0.006647305819462046,0.008012587255946224,0.00760287801998305,0.004418836695078143
2021-09-24,-0.0007010014735011616,0.0006128866074586181,0.0027868911007025154,0.02753303909957605,-0.01783653089202153,0.005686484132052971,0.007074262307015466,0.02023355353827605,-0.012887585841156457,-0.0014664649316241674
2021-09-27,-0.017304135280358124,-0.010549985632137493,-0.005756781710474446,0.021913983485440713,-0.019066129424085254,-0.007936414679073134,-0.00803716471756799,0.0017565616948354013,-0.030608143962070233,0.00042201926715468296
2021-09-28,-0.03620363575263519,-0.02380132421369796,-0.02637855620043772,-0.017438317910400958,-0.04436750107938603,-0.03757573700839045,-0.037158275629585735,-0.036568792000097106,-0.04121594137466644,-0.014832003876754762
2021-09-29,0.0016930411209912233,0.006483065243148678,-0.004475278403399341,0.004822778961939278,-0.00879272890495364,-0.012211423820117195,-0.01087021605489169,-0.0030530134105917206,-0.0018487619659359744,0.026051250535634063
2021-09-30,-0.007323897887324016,-0.009311784518413746,-0.0048710975154133695,-0.007461849989023217,0.009699303111559088,-0.009333064624846399,-0.005042685027594196,-0.0006477135823906854,-0.0034274553554969334,0.018829548021331854
2021-10-01,0.02546819193002814,0.00812714398572334,-0.0005418591490111702,-0.0003352878303833906,0.001255039558697879,0.02398968209499408,0.02144741261372718,0.010666180028896965,0.0030396722159218292,0.004603986099047219
2021-10-04,-0.020719546439580516,-0.02460566646486284,-0.02847169603238331,0.008139700002646189,-0.04869342926133857,-0.019767317394888684,-0.021117949561815452,-0.04891985222238859,-0.03286747701725945,-0.015983116066876413
2021-10-05,0.019956996571491636,0.01415843018312768,0.009787499675890654,-0.0012027714420683733,0.03643821074869513,0.018031618553601803,0.017683000850406083,0.020629555139241917,0.014700392391992612,0.05214224455359884
2021-10-06,0.01506432625487153,0.006307129265654021,0.01273207389009623,0.0027671029929774438,0.012175468489938668,0.00864317713817897,0.011336350632656922,0.0020423594977811987,0.006370188677532473,0.006757892934131204
2021-10-07,0.005936409842878687,0.009084485517133256,0.012391109124769484,0.013874142446502757,0.018115942028985588,0.01333411548259944,0.012067004837246653,-0.013247853378738128,0.015167231909548384,-0.011344078035139815
2021-10-08,0.0,-0.00272177660378059,-0.004181713248836982,-0.010231719803777461,-0.011577708185053326,0.006254299565657817,0.0040258434189262005,0.0025210710086838173,-0.0036272573583672196,0.00128194513059543
2021-10-11,-0.0021027471167832656,-0.0006297421192041908,-0.012868639883710786,0.008211450282135324,-0.006528736081117037,-0.008628750282185682,-0.006234527988649208,-0.013937210020440793,-0.006570013692317467,-0.008883120854557447
2021-10-12,-0.004588267510209909,-0.009103042489277513,0.0003172932213451052,0.017400268915826134,-0.0011596521066874477,-0.01537296017331069,-0.01774480919324206,-0.005162153750358445,0.013296796040487946,-0.003349030482391324
2021-10-13,0.011711256970239559,-0.004239950508893697,0.011378563346648551,0.006652492420347489,0.012964984322215267,0.008682418611681397,0.008303436876074155,0.0023782933136522466,0.017961378642782133,0.007712753199626166
2021-10-14,0.02173400169912587,0.020225628504632498,0.00474383361419517,0.00892635726223312,0.0385405608603111,0.02546772661348795,0.025940940593856876,0.012294293120574729,0.02772705227134109,0.006415107240613782
2021-10-15,0.004822431048720155,0.007512555286209421,0.03308016384344259,0.03019603796635506,0.00533425900239215,0.0018598174195252337,0.001537391505994412,-0.011475326489134297,0.004246871586527368,-0.008693610136199625
2021-10-18,0.010124644459819754,0.011806103346327923,0.011064754615316197,0.03212217248313465,0.016466956739249694,0.009073570142932752,0.009973951294772299,0.03257785957082571,0.02088214761130658,0.015406887486592913
2021-10-19,0.003059006060948777,0.015080127759851125,-0.000751460222562339,-0.00671175495130083,0.003059999086220788,0.006026133174904746,0.003214756758859627,0.013866505801473084,0.021257790470301074,0.0016145415095094595
2021-10-20,-0.002660373651934833,0.003361190594536767,-0.008446160541127345,0.001770243054363796,-0.008389390086748882,-0.00978288877125566,-0.01024878596399248,0.002323624292585702,-0.005816988632196263,-0.021690117370892104
2021-10-21,0.010897517830942283,0.0014738482612473014,0.005841756998511416,0.03257104688248158,0.026647961935700737,0.0025664634603950187,0.0008253172754841831,0.0032279065767588655,0.00994667370326452,0.044821891620551835
2021-10-22,-0.005148686924035029,-0.0052848898474232575,-0.0289547805422552,0.017539142058165424,0.001498312193709772,-0.029104150736919854,-0.03044341720918875,-0.05051485827607849,0.007703698694140559,0.017790520669275667
2021-10-25,-0.003331604951072653,-0.00033626245233886465,-0.004550953149256687,0.12661594504255524,0.019361124248902684,0.0010676144274119892,-0.0008687205577809776,0.012568981819829128,0.00526733880862551,0.010349203796554018
2021-10-26,0.0064257942033265625,0.004574858573836993,0.01677522355559735,-0.006274019957955623,0.06695153989551006,0.006478198299615157,0.013543395563038851,-0.03918587094717896,-0.0069090857386949756,-0.004674914579136269
2021-10-27,0.04211418087682661,-0.0031476018743147316,0.004863620028398019,0.019078377633758636,-0.010761836070411701,0.048366927821484884,0.04959502825326956,-0.011367585012302173,-0.00376651050583654,-0.008376767834118226
2021-10-28,0.0036513072145714087,0.0249915350274601,0.015941116454112114,0.037750808939801095,0.020040117378432587,-0.002038541564976293,-0.002520258434528855,0.015053526311403553,-0.0012498249886778723,0.016789364154678132
2021-10-29,0.02241402455839636,-0.01815557963031611,-0.02151128064633323,0.034316236780125964,0.025099209733383532,0.014654802556961943,0.015063504823917162,0.020983193636307185,0.0173319288846423,0.02412285481711174
2021-11-01,-0.0067848743559627556,-0.005607477535219285,-0.01610702849140766,0.08491020287253148,0.010169323817180942,-0.030326307211722803,-0.0307269306150455,0.019810253921340726,-0.015622075826205783,-0.013240449981140157
2021-11-02,0.011415763600445716,0.007116009286358027,-0.0016154096238977234,-0.030274921213436556,0.022224885757051727,0.014529758610943189,0.013488073547111235,-0.005757997262446191,0.0003124211125444809,-0.00506483269389757
2021-11-03,0.002611578023420602,0.009798741768566765,0.02150781073126562,0.035716710750853364,0.007461842071821323,0.006355291930252083,0.008014047680324765,0.010790076018870387,0.023079276149433614,0.015596422493502127
2021-11-04,0.007305395209580734,-0.0034986359189836946,0.027482269503546153,0.013222323166044436,0.120422579424587,0.01289592695963604,0.011388333211962198,0.01275559695970685,0.028847071342118946,-0.028897637094463136
2021-11-05,-0.0011294851912406756,0.0035822872634243552,0.012076499856197964,-0.00635824392339257,-0.001644310538427951,0.0037530034806481094,0.003942179039124083,0.01572130089525725,-0.01685266691417142,-0.03393185545427213
2021-11-08,0.002767339182094375,-0.005552597868539233,-0.008528018006666693,-0.04840071242349098,0.03535903599404877,0.000740400074260128,0.001202562932678175,-0.0073579279547689724,0.00497955266840755,0.008873879169520205
2021-11-09,-0.0030860797972068754,0.0024594256519621105,0.025007308869682943,-0.11990295980383747,-0.004772113871740702,-0.0006896676565014692,-0.0007548764725726631,-0.009597779363265335,0.0028527115446168594,0.0069690351007316576
2021-11-10,-0.015329733043736415,-0.019163185719291764,-0.026334976085626405,0.04342936101612116,-0.039077570298649555,-0.017571349631510302,-0.020313123494852703,-0.023049110281914142,-0.030572498981513485,-0.013841700541802449
2021-11-11,0.004927463903052098,-0.0003380408374532573,-0.002742651273132224,-0.004157442954927482,0.031603238828245894,0.0008320287613927668,-0.0008705113312622581,0.0003051367214714773,-0.006687284942084926,0.01649386227656735
2021-11-12,0.012904996812366454,0.014336985674477054,0.015161958819294385,-0.028293072671690234,0.0,0.01974471603362371,0.01997371804977477,0.040123345948720024,0.02243573764542428,0.03806376007925438
2021-11-15,-0.0019303694406915817,6.663777363025147e-05,0.005823874323288347,-0.01938227259698866,-0.012010510273323671,-0.0017207006396523505,-0.0015200701887017054,0.019566378322932065,0.003239057295829406,-0.004805039586404658
2021-11-16,0.010235971459363391,0.006666666666666599,-0.001404520739465287,0.04079373625957827,0.005928389675270429,-0.002088517812379509,-0.003880048382197021,-0.01323514508709378,0.017128293912003212,0.011879361721182535
2021-11-17,-0.001148758471068323,0.016490099337748365,0.0023441831035855287,0.03250123789977022,-0.031189001195871202,-9.392189155921216e-05,0.001156347540125946,-0.0063855903238578815,-0.0005365572097221216,0.006240875545852509
