Date,MSFT,AAPL,AMZN,TSLA,NVDA,GOOG,GOOGL,FB,ADBE,NFLX,MSRPortfolio,GMVPortfolio,EqualPortfolio
2020-11-18,,,,,,,,,,,0.0,0.0,0.0
2020-11-19,0.0063483363426559,0.0051681133556493,0.0037224949428351,0.0259534226752808,0.0008564029978281,0.0098123488449843,0.0103007691685177,0.0035665735060241,0.0151043658669676,0.0059777163208047,0.008074392598999563,0.008296094226593437,0.00868105440215476
2020-11-20,-0.0095565701506855,-0.0109575454585253,-0.0056528729000591,-0.0193482568807075,-0.0262273149808148,-0.0123192108814201,-0.0126181736759876,-0.0118707040970856,-0.0074826675458702,0.0073657888960421,-0.015096776897287433,-0.011015999588233665,-0.010866752767511362
2020-11-23,-0.001330873876101,-0.029742529839039,-0.0003258724372251,0.0658483118966619,0.0039923076121135,-0.0042073231095529,-0.0050795021680752,-0.004709006093778,-0.004990123423331,-0.0237997608512157,0.0016580674803185781,-0.003647132756073166,-0.00043443722895424963
2020-11-24,0.0178477981342455,0.0115941995171946,0.0063485121883593,0.0642522382716368,-0.0138699182282139,0.0196096631971138,0.0210354278629454,0.0316284328182356,0.0045375199584525,0.0131341741128589,0.014811075053112062,0.018195435424065157,0.017611804783282854
2020-11-25,4.6820670117186935e-05,0.0074671455581083,0.0214909295305527,0.0335265850991521,0.0213771752285223,0.0014416178558138,0.0001303821060552,-0.0048028923066676,0.0159498050758641,0.0043903143183574,0.00903995700466733,0.003473141135998404,0.010101788313587549
2020-11-27,0.0063588792874351,0.004826295999577,0.0032244251400248,0.0204878222996514,0.0020023200060672,0.012283796896674,0.0129752427174436,0.0080554520563946,0.0147847434313341,0.0131133711340205,0.009230574649200959,0.009432404601508017,0.009811234896862232
2020-11-30,-0.0053893876035807,0.0210996804755541,-0.0085437068506493,-0.0310025158596948,0.0105759051547842,-0.0180962151627416,-0.0182538503401881,-0.0030236384797064,0.0030186822694981,-0.0013431557720353,-0.007280087452933505,-0.008915968113660406,-0.005095820216875981
2020-12-01,0.0099966792666457,0.0308273843823279,0.0164265723789358,0.0302326193192086,-0.000858249051971,0.0212183435442958,0.0233469906746877,0.0345885365397387,0.0014211820983107,0.0282860702273632,0.016646012225093914,0.01775332248741861,0.01954861293795431
2020-12-02,-0.0038852166798644,0.0029335786783715,-0.0051396389527924,-0.0272590511105571,0.0115386592231854,0.0166008427776098,0.0164925063760958,0.0033851022181861,0.0044036648782677,-0.0023781799336406,0.006991128777053498,0.0054891704806925784,0.0016692267474861802
2020-12-03,-0.0052466825745334,-0.0011375514376975,-0.0052442302235088,0.0431770994299782,-0.0106715273671676,-0.0006454941500748,-0.0017150994535459,-0.0197203089069399,0.0062751712946187,-0.01164133644919,-0.0011473143875589985,-0.0021603976491630854,-0.0006569959838060998
2020-12-04,0.0005601044265388,-0.0056124582089488,-0.0075782705631055,0.0095385300352344,0.0121116682391611,0.0006678290023611,0.001053903765332,-0.0076281495626435,0.0035516663986778,0.0015878939891196,0.003352868181178243,0.0002854213263441506,0.0008252717521727002
2020-12-07,-0.0003266468115116,0.0122699754093336,-0.0014482093376418,0.0713141586019487,0.003577142244552,-0.0046553920133883,-0.0036901680939916,0.0210224338495916,0.0128600823045268,0.035058560073282,0.007112354976905926,0.0020451035244723956,0.01459819362267014
2020-12-08,0.0080265494570646,0.0050908844802495,0.0061083087397086,0.0126526970728513,-0.018869373009935,-0.0005110971322697,-0.0031370274068266,-0.0076335636222296,0.0061554068054849,-0.0060491989308876,-0.002985022536780299,0.0025940880073553646,0.00018335864532103977
2020-12-09,-0.0194897966016307,-0.0209037316982049,-0.0230039080797935,-0.0698590888328685,-0.0314045537060894,-0.018927190933748,-0.0184781192897137,-0.0193365600424113,-0.0232999697611451,-0.0371785745012709,-0.026583461988557242,-0.02122248424686996,-0.028188149344687597
2020-12-10,-0.0060434363702256,0.0119888525071483,-0.0008729982097728,0.0373710093756951,0.0032096394298219,-0.004932403454534,-0.0057428375047205,-0.0028785908267785,-0.0142018339232197,0.0151742097020963,0.0015330525598652347,-0.002829672673031157,0.0033071610725510497
2020-12-11,0.0130153347151227,-0.0067348786616643,0.0048137933858041,-0.0272378152508256,0.0031605201282531,0.0036275307461774,0.0040449324826303,-0.0128825312659234,-0.0020131084154287,0.0042507434133649,0.0011500935398128264,0.005029097729473284,-0.0015955478722489498
2020-12-14,0.0044078003452248,-0.005146605801079,0.0130117410409751,0.0489188797999782,0.0227075559873304,-0.0121844911275361,-0.0127000441614254,0.0023396601282248,0.0220840262059294,0.0381542505501484,0.005804425184357662,-0.0007046110719776504,0.01215927729677706
2020-12-15,-0.0003267498420878,0.05009035819169,0.0025816355793268,-0.0102840079789504,0.0038884891859123,0.00438051017667,0.005033468748739,0.0049600130934022,-0.0077710577257847,-0.0050533174187558,0.00492997098630329,0.0053206816457859055,0.004749934201016159
2020-12-16,0.0240507308208515,-0.0005474581156972,0.0239611266544548,-0.0165495144097906,-0.0088320670451595,-0.0026983261091846,-0.0022088804013393,0.0004355833976665,0.0150422235504033,0.0097156252996399,-0.0004319382825402806,0.00830012467715792,0.00423690436418448
2020-12-17,0.0006384933702843,0.0069635643555534,-0.0015056906159662,0.0531978144998053,0.0074571338926776,-0.0085649325014179,-0.0094923893034054,-0.0043167625925275,0.0111451134249247,0.0153764204382387,0.0030797976249234854,-0.0012452394240975435,0.007089876496816701
2020-12-18,-0.0037827438674143,-0.0158508391988424,-0.0106394697195746,0.0596127070731742,-0.0051907096299694,-0.0096630320773999,-0.0082102595893717,0.0069949829607081,0.0153222448922676,0.0029085905989749,-0.0012475825295331562,-0.004816882764886701,0.0031501471442552495
2020-12-21,0.0182991329008985,0.012395312613187,0.001414904858014,-0.0649496618705035,0.0045395421830281,0.0048295416847417,0.0048314167024545,-0.0130607274904643,-0.0090665014240023,-0.0103658693528104,0.00014092171284871134,0.00728820235026096,-0.005113290919545669
2020-12-22,0.0060649884055621,0.0284645700356316,0.0001060726494497,-0.0146492447907837,-0.00405034562566,-0.0091239903215646,-0.0082672767227599,-0.0208952410716772,0.0115973390839301,-0.0029871926805207,-0.0038528702225686324,-1.71425134204954e-05,-0.00137403210383926
2020-12-23,-0.0130392384787575,-0.0069759610551687,-0.0066271221971039,0.0088077470752894,-0.0202586300878754,0.0051523092544241,0.004656386470937,0.0038188963093923,-0.0143999222738381,-0.0243681121607762,-0.00477650288655319,-0.0041687740470385,-0.0063233647143477005
2020-12-24,0.0078273782931286,0.0077120646249047,-0.0039494544955406,0.0244435439005401,-0.001191400695695,0.003734729667467,0.0034312875419508,-0.0026481333770541,0.0059366504523019,-0.000991309710438,0.0045007925479943625,0.005362692794811877,0.00443053562015654
2020-12-28,0.0099213427340101,0.0357658712825488,0.035071192606022,0.0029012828353873,-0.007215017817466,0.0214164479477785,0.0229505502489282,0.0359012947472243,-0.0018204557822326,0.0100200873408613,0.01320885856200159,0.0176710368744476,0.01649125961430619
2020-12-29,-0.0036006253171083,-0.01331483690154,0.0115835879400967,0.0034654552472828,0.0033527015082805,-0.0097799071739139,-0.0091320837877693,-0.0007942274368232,0.0063332456638962,0.0226344585320779,-0.003277296088508522,-0.005170097868542299,0.0010747768274479395
2020-12-30,-0.0110194065481692,-0.0085267668954565,-0.0108819692956051,0.0432289365190008,0.0156452385637873,-0.0109170028865271,-0.0122371711027832,-0.017739735594117,-0.0092807813809956,-0.0118295779741706,-0.000751519958970737,-0.009318510182488488,-0.0033558236595036205
2020-12-31,0.0033381804669581,-0.0077026082692599,-0.0088014258525069,0.01567395944825,-0.0069033327791009,0.0071053996837586,0.009439893448524,0.0047449480403307,0.005367339301622,0.0307667934373445,0.003771648314786686,0.004690987213921287,0.005302914692592021
2021-01-04,-0.0212660104345004,-0.0247193798306655,-0.0215847594107836,0.0341519939640113,0.0044809488899053,-0.0134940834603566,-0.0151257587257586,-0.0154488282991825,-0.0295529055981855,-0.0330479086807797,-0.008339297188353613,-0.01703637994895961,-0.013560669158629583
2021-01-05,0.0009645249005698,0.0123639084496198,0.0100043394339812,0.0073173258062861,0.0222100074844735,0.0073369752310845,0.0080643079951558,0.0075481482297306,0.0007211563087414,-0.0039398635563975,0.010167671513381273,0.005636940552101726,0.007259083028324519
2021-01-06,-0.0259292426025731,-0.0336616134274369,-0.0248966530323141,0.0283903027109608,-0.0589530196772707,-0.00323392508427,-0.0098675575509264,-0.0282688230126256,-0.0399020031711502,-0.0389976929108532,-0.022230325286765478,-0.01804506875054141,-0.023532022775845943
2021-01-07,0.0284569938033314,0.0341231811802864,0.0075771671647564,0.0794465456611694,0.0578302223570115,0.0299430987513436,0.0298685694016165,0.0206220502117051,0.0245115739508547,0.0167836024053149,0.03931062032193877,0.029997047392421473,0.03291630048873899
2021-01-08,0.006092852921298,0.0086312297028223,0.0064955725110715,0.0784030730416005,-0.0050397302760313,0.0111679737026157,0.0132387200029964,-0.004353587272218,0.0154059031147884,0.0029672010758552,0.011754806778528306,0.010370255250560586,0.013300920852479872
2021-01-11,-0.0096985308514314,-0.0232487929584095,-0.021519461794845,-0.078214150173538,0.0259665796868069,-0.0224046961193127,-0.0231055873006045,-0.040101695703136,-0.0223871693788435,-0.0221394751818903,-0.014794124480927841,-0.01883435462487297,-0.023685297977520402
2021-01-12,-0.0117707328274478,-0.0013954238205419,0.0021257773505656,0.0471529480216645,-0.0100393564726106,-0.011416592516687,-0.0107385366774263,-0.0223874789345502,-0.0054613614511926,-0.009717503389491,-0.0056226519514033626,-0.008733991586958612,-0.003364826071771731
2021-01-13,0.0065603254124613,0.0162265856075995,0.0144384070499847,0.0058508793891247,0.0034854383373414,0.0044945605792943,0.0056519950126292,0.0021904616223737,0.0008480737943143,0.0273950612038442,0.006174628827139417,0.0069047619277110865,0.00871417880089673
2021-01-14,-0.015346239195726,-0.0151271798816107,-0.0121355837690214,-0.0110134166235909,-0.0244979563176311,-0.0081053179465757,-0.0093460901416512,-0.0238435861700985,-0.0185997229598489,-0.013647420936161,-0.014586318624902122,-0.012657094795330821,-0.015166251394191543
2021-01-15,-0.0017369468057726,-0.0137305086007422,-0.0074245224463579,-0.0222958899408283,-0.0258138645614581,-0.0022929311198734,-0.001906528849463,0.0232861179909058,-0.011202974773313,-0.0057500580726168,-0.009372380112033967,-0.003845175850678653,-0.006886810717951951
2021-01-19,0.0178227594169944,0.0054271092867508,0.0053185181605863,0.02225962961292,0.0128892535104685,0.0314885155759578,0.0329065281511748,0.0387492240660836,-0.0034491509012377,0.0076107030729795,0.022164504551827748,0.02210204080636677,0.0171023089952678
2021-01-20,0.0364997254288386,0.0328560542930078,0.0457003654696279,0.0069859973759185,0.0261415697634437,0.0536278881679295,0.053573316757147,0.0244351009321692,0.028981404162103,0.1685434359447113,0.04119703283167053,0.04460173928720331,0.04773448582948965
2021-01-21,0.0028082102502124,0.0366583593351979,0.0133634785294776,-0.0064201562972051,0.0375399622723504,0.0023053558453927,0.002170173513321,0.0201509786837867,0.0048750940888893,-0.0110857176735096,0.012383388627891824,0.0061552791823035495,0.01023657385479133
2021-01-22,0.0043561424484033,0.0160736727620074,-0.004463276285877,0.0019527154398597,-0.0111772558856545,0.0051817840052874,0.0044635697226198,0.0059735589469995,0.0008898203673319,-0.0253001574863681,0.0005908091887521046,0.004200540485322665,-0.0002049425965390604
2021-01-25,0.0158441954100445,0.0276838289069496,0.0005376355876571,0.0403476948818679,-0.004320769837802,-0.0008679545290602,0.0009088060332991,0.0127869216757741,0.0021166708910478,-0.0148450099127079,0.006031854359390818,0.008519111589507914,0.008019201910707
2021-01-26,0.0121988820682892,0.0016793351077655,0.00975406284153,0.0025999534868295,-0.0159669713279996,0.0093924216987373,0.0072164209043668,0.0145317717157018,0.0059986418300157,0.0092495487118127,0.0025167531580907285,0.008745339136134903,0.00566540670370489
2021-01-27,0.0024534242448248,-0.0076837228424404,-0.0281257221728283,-0.0214361542099036,-0.0385180391094357,-0.0450908344552107,-0.0466521723766117,-0.0351355200199475,-0.034181571836276,-0.0687807457894491,-0.03344991365018577,-0.024480930645581954,-0.032315105856727824
2021-01-28,0.0258908695173039,-0.0349851855225304,0.0015591381739623,-0.0332461360137541,0.0103152385848401,0.0176535513693605,0.0188351518528779,-0.0262365495937817,0.0123261152173912,0.0292767660735624,0.008496370496410685,0.014006137963699417,0.0021388959659232104
2021-01-29,-0.0291716248412075,-0.0374206992928281,-0.0097047105171541,-0.0501537703351284,-0.0046929318564119,-0.0146904880658454,-0.0139434311910361,-0.0251698603773584,-0.0148174110579887,-0.0115298204172219,-0.01839922180669602,-0.02190337914500499,-0.02112947479521805
2021-02-01,0.0331521439931958,0.0165201421983256,0.0426298840025152,0.0583216353618294,0.019033981369994,0.0357403479563573,0.0359589580265433,0.0142454348515104,0.0244785214143552,0.0124907733290229,0.03109110700347629,0.03277965927701523,0.029257182250364912
2021-02-02,-0.0005841591081005,0.0063367457603191,0.0111042329665422,0.0392707637186287,0.0241557622341024,0.0137586632288677,0.013760742995811,0.0193503179515928,0.0317659425531915,0.0169189584673068,0.01638246433689942,0.009624316615758676,0.017583797076826172
2021-02-03,0.0145714595102357,-0.0077785577084719,-0.0199615298816567,-0.0207380658076254,-0.0019363857771456,0.0739607354879574,0.0728249866418593,-0.0016099783620253,-0.0062070402809669,-0.015889450943183,0.02867362430445454,0.03412712796859653,0.00872361728789776
2021-02-04,-0.0040741375040938,0.0257579357899984,0.0055757897553538,-0.0054990838654972,0.0098852277161749,-0.0037196571840871,-0.0025499302039661,-0.0006000525167835,0.0154797306581246,0.0235609615669079,0.0023718944176895178,0.0002494432903370775,0.006381678421213191
2021-02-05,0.0007850985470094,-0.00309795362155,0.0063494151906333,0.0026353133876317,-0.0053606937010052,0.0172761827308807,0.0171404766220963,0.0060415627618883,0.0055989005925978,-0.0024811559457245,0.006340478175406278,0.007863981729105646,0.004488714656445779
2021-02-08,0.0011148582847615,0.0010967257983411,-0.0087137991599278,0.0131302620919298,0.062375774557482,-0.0024261620591038,-0.0020633837311108,-0.0056695970383529,0.0033325510376793,-0.0052106884922296,0.014383452302341053,0.0006025537935924452,0.005696654128946882
2021-02-09,0.0053614164479225,-0.006573703549399,-0.0053988159035462,-0.0161682162503297,-0.0121547560992175,-0.004491307507363,-0.0043799660892678,0.0107660932551549,0.0046378361017935,0.0203497305189543,-0.004935830061534141,-0.0006725213140908199,-0.0008051689075297998
2021-02-10,-0.0038970766167401,-0.0045584072058276,-0.0055733500756429,-0.0525510487178642,0.0351252346580381,0.0056970559023137,0.005343616174197,0.0089811946269275,-0.0068137790177711,0.0080848908784332,0.005691083573390742,-6.903705635714327e-06,-0.0010161669393936408
2021-02-11,0.006877527308347,-0.0019203476576581,-0.0074394033979779,0.0084987524421717,0.0329511707797245,0.0002433973925863,0.0010879663460754,-0.0054437048119267,0.0080175003466265,-0.0106460365027005,0.00891043945780403,0.00304913744638323,0.00322268222452682
2021-02-12,0.0020450699241003,0.001775993467256,0.0047760446575695,0.0054949389502541,-0.0189825369088644,0.0039220638581514,0.003006596768402,0.000406764280848,0.0044702207368834,-0.001918985182997,-0.00204748234469472,0.002416353524483483,0.0004996170551603296
2021-02-16,-0.0052655161723198,-0.0161038656926375,-0.0026726007194752,-0.0243836986251023,0.0246635693119434,0.0084547833028398,0.0074795691627769,0.0128280998151573,0.0056130603449047,0.0013656453904389,0.005878202805958312,0.0006507025056515213,0.00119790461185262
2021-02-17,0.0043595814118535,-0.0176441118735376,0.0121414957692633,0.002424019831575,-0.0276740521119256,0.0030209516452486,0.0037523883943084,-0.0014599919645948,-0.0207519410109259,-0.0106589177628686,-0.005575285780713963,0.0007767197402206059,-0.00524905776716037
2021-02-18,-0.0016790345298545,-0.0086363979490826,0.0059208882300689,-0.0134937275902407,-0.005165723742351,-0.0052201548139184,-0.0060464157293754,-0.0152794235224769,-0.005822152425455,-0.005659041330587,-0.00589467941874882,-0.00437078186754544,-0.00610811834032726
2021-02-19,-0.0115672450329002,0.0012333946076581,-0.0235350557115046,-0.0077218331191938,0.0065750936473836,-0.0075855178403978,-0.0080729028372449,-0.029065728364134,-0.0189405575582095,-0.0145926825420229,-0.0057277045552940825,-0.00964630890151183,-0.011327303475056599
2021-02-22,-0.0268083051569272,-0.029798908463605,-0.0212806283533344,-0.085498514048358,-0.0382373497444888,-0.0172573040570982,-0.0165405412766637,-0.0047025959986434,-0.0246076309130033,-0.0119209624703044,-0.029094377363179647,-0.023468700804089,-0.02766527404824264
2021-02-23,-0.0052875889704765,-0.0011111179240406,0.0043260404947467,-0.0219173869839048,-0.0148895991133457,0.0028961607158046,0.0028526607982792,0.0212422628054753,0.0010057154753049,0.0231743308627982,-0.0034843585295454838,-0.0005247340716543296,0.0012291478160641304
2021-02-24,0.0054872117799946,-0.0040521559714096,-0.0109469309751134,0.0617880936004258,0.0252439517816964,0.0117389943037808,0.0114993013293311,-0.0058300875929109,0.0188542266486761,0.013292957394432,0.016204540501755224,0.008792117293483111,0.012707556229890291
2021-02-25,-0.0237050265566782,-0.0347826608271311,-0.032400425398837,-0.0805908835182103,-0.0821780201863306,-0.0304557336042169,-0.0325653999542382,-0.0363966405841371,-0.036632938574052,-0.0121247561976987,-0.046267906081535824,-0.03110365722707324,-0.04018324854015301
2021-02-26,0.0148041587815068,0.002231708266428,0.0117004085588048,-0.0098501528622063,0.0305843213919376,0.0027075457036729,0.002956463773837,0.0115041539793148,0.0011107435219901,-0.0143589460905299,0.009815387869106521,0.007398391877251644,0.00533904050247558
2021-03-01,0.0196230314807124,0.0538512115150768,0.0172037395511228,0.0635529133974832,0.0092783886856855,0.0219210084781551,0.0236162228769076,0.0282975279150983,0.0215371760611235,0.0218800028303238,0.024383023239973847,0.02446956745153124,0.028076122279168905
2021-03-02,-0.0129569006483907,-0.0208936665029754,-0.0164041860041981,-0.0445276384779218,-0.0314628757810764,-0.0027239465449412,-0.0025027938019992,-0.0223094783540149,-0.0063462549898336,-0.0051213277698314,-0.016112375894853787,-0.010227390699319936,-0.016524906887518273
2021-03-03,-0.026980792473633,-0.0244566099119862,-0.0289317047050701,-0.0484237368206289,-0.0448670483538008,-0.0236675875391418,-0.0257062052013699,-0.0138609884169884,-0.0388777816830859,-0.0495053022041234,-0.03205390763720898,-0.02715329923326217,-0.032527775730982846
2021-03-04,-0.0036474003065039,-0.0158119113754714,-0.009128097171381,-0.0486221822053487,-0.033932752479566,0.0110425899268573,0.011196135854615,0.0087311027958012,-0.0209388198210149,-0.0180718317325485,-0.009177441493638767,-0.0006392399280148444,-0.01191831665145609
2021-03-05,0.0214793207176,0.0107383675149352,0.0076874405898952,-0.037799288627062,0.0073766067511864,0.0290128537286644,0.031043355633507,0.0257723319881035,0.0040313146450658,0.0099747812596118,0.0157067480387041,0.021417632088761542,0.010931708420150732
2021-03-08,-0.0181778953229339,-0.0416734898482021,-0.0161675245230842,-0.0584497220480029,-0.0696745541934525,-0.0400134659240397,-0.0427120053672903,-0.0339412783182278,-0.0445295818771058,-0.0446562236490958,-0.04573198841650946,-0.03318918596117864,-0.0409995741071435
2021-03-09,0.0281015022996042,0.0406497261652945,0.0375684374196221,0.1964121083481349,0.0803330935887722,0.0140946197107143,0.0163686102117062,0.0408522661928811,0.0426875130288457,0.0265745349876733,0.05000983052929986,0.029507653612527857,0.05236424119532486
2021-03-10,-0.0058174512894157,-0.0091666398678958,-0.0017010969630547,-0.0081950456674548,-0.0041532859440901,0.0011351283946126,-0.0020437785639086,-0.0031609694875053,-0.0049409878286509,-0.0037516645456454,-0.0033992298418414274,-0.003430925630944243,-0.00417957917630087
2021-03-11,0.0202650360652933,0.0165026308147469,0.0182984906522476,0.0472112955339678,0.0421269639364889,0.0290701304394418,0.0316031902055251,0.033899627041894,0.0321502658486014,0.0367066806787168,0.03237685493394587,0.026099022377718592,0.030783431121692365
2021-03-12,-0.0058195967484291,-0.0076254423874351,-0.007740292498002,-0.008390503432493,-0.010582155890589,-0.024990943459658,-0.0240604978061073,-0.0200088027601722,-0.0149869419367133,-0.0096355638344951,-0.015649983253845964,-0.014832344851050066,-0.01338407407540941
2021-03-15,-0.0039873109549973,0.0244567377216324,-0.0025279441025151,0.0204835057005898,0.0260773873579076,0.0022164139117328,0.0021658248780487,0.0199329587168322,0.007404924800493,0.0043048143197244,0.010306102831723259,0.00295353236371336,0.01005273123494485
2021-03-16,0.0123504600697152,0.0127429970681229,0.0033034498145929,-0.0438737702520729,0.0075807317236706,0.0125962526438367,0.0143347836129321,0.0202009095890409,0.0065908823395597,0.0072657933685729,0.0070729530459243545,0.010927453723970549,0.005309248997797101
2021-03-17,-0.0028185425972414,-0.0064506165683212,0.0141888285633229,0.0368307422524616,0.0037617956115112,-0.0006881377412102,-0.0008013484808432,0.0169364473536826,0.0010431948120284,0.0007823463872527,0.0036803877887273922,9.450577847825655e-05,0.006278470959264339
2021-03-18,-0.0266621829455649,-0.0339051073547733,-0.0343588225667313,-0.0693207921497862,-0.0463787009344608,-0.0262352970492026,-0.0292380276089475,-0.0189782571395987,-0.0262300541843849,-0.0374685243785046,-0.03573603434282952,-0.02927027190781368,-0.034877576631195485
2021-03-19,-0.0016036612743068,-0.0044801842639464,0.0155119307379216,0.00261807531185,0.0096875743472946,0.0034279105889389,0.002780331411109,0.0412389283116596,0.0052825880891163,0.014639719226297,0.00531055017051867,0.0025162216963578567,0.00891032124859338
2021-03-22,0.0244844887507578,0.0283357395076213,0.0116782515725251,0.0231038299441401,0.0265067459065162,-0.0022562573955348,0.0018401843508344,0.0118231849207119,0.0247112208380522,0.0213401385243099,0.014150173118249678,0.013310606767671361,0.01715675269199341
2021-03-23,0.0067375397910249,-0.0068887231593576,0.0085602683488699,-0.0117015328358208,-0.0087589594388657,0.0070489874077992,0.0052396059020021,-0.0099134833780019,0.0172189118965635,0.0229015739395606,0.0005848414146869731,0.005111540632828461,0.0030444188473774205
2021-03-24,-0.0089232866659707,-0.0199935409337767,-0.0160732850996015,-0.048160496406206,-0.0327258467877339,-0.0038480545895069,-0.0043108792746291,-0.0292123657362906,-0.0188830981603711,-0.0266871522163503,-0.017584786538912607,-0.010323297206556425,-0.020881800587043683
2021-03-25,-0.0132506946375258,0.0041634933679781,-0.0132196733799564,0.0160566022163006,-0.0085225089984672,-0.0003423244207029,-3.447329141526012e-05,-0.0120508429121619,-0.0011517352627465,-0.0344655691498456,-0.0036460428036622604,-0.0055249013579787044,-0.006281772646854287
2021-03-26,0.0178187311600286,0.0051414215425802,0.0018941321427123,-0.0338543582694679,0.0242515260090443,-0.004309385854077,-0.0038032636058408,0.0153548078982137,0.0401339417755148,0.0103209703591746,0.005044351999724416,0.006328709910241958,0.007294852315788279
2021-03-29,-0.0052436044699183,0.0014850636508778,0.0077653072790262,-0.0119927651664901,0.0084896779884007,0.0100218130278948,0.0104014160940115,0.0275599544313456,0.0004903344815734,0.0116130777273042,0.005955893081159005,0.0035610745346816653,0.006059027504402579
2021-03-30,-0.0144107693535771,-0.0122745069805575,-0.0066455576831878,0.039801105654639,-0.0059080503185936,-0.0001993783943041,0.0003323566871664,-0.0096967434568556,-0.0082246994426554,-0.001089594293073,-0.001260333151563399,-0.005836641904877699,-0.0018315837580998703
2021-03-31,0.0169074470379904,0.0187656988628541,0.012696025092497,0.0508322555208478,0.0370190014436599,0.0063680802862726,0.0078427972203067,0.0226736076388887,0.021290775129156,0.016108529107252,0.020514097822356508,0.014078120230602923,0.02105042173397252
2021-04-01,0.0279085965072596,0.006958596185322,0.021628374286698,-0.0092524561926656,0.0347235094815765,0.0334134769917175,0.0326105969143515,0.0140223577021776,0.016765889904347,0.0340451844481461,0.026784992582573885,0.027040071544256254,0.021282412622893022
2021-04-05,0.0277285080404179,0.0235773378191859,0.0207940461879152,0.0442765213449187,0.0127248008248033,0.041071242661677,0.041872836999919,0.0343199620395102,0.0171307962687201,0.0023173038437473,0.030389036083696155,0.03249170983520342,0.026581335603081457
2021-04-06,-0.0048580889955729,0.0024622234177107,-0.0009018145360896,0.0008248419215659,-0.0090080555836833,-0.0003594837152098,-0.0043713952349229,-0.0085785308526298,-0.0005695435556888,0.0071393754441144,-0.0036530667361334723,-0.002671890646023481,-0.0018220471690406103
2021-04-07,0.0082304146599478,0.0133904186402753,0.0172372600914028,-0.0298574710813559,0.0203441633269836,0.0112057228902124,0.0134751087989866,0.0223012661692265,0.004212984932739,0.0045175855673518,0.010506109301401088,0.010091133079546613,0.008505745399576992
2021-04-08,0.0134053460008309,0.0192336887488053,0.0060712988237534,0.019121596426854,0.0122671352555179,0.0070054449861181,0.0050914471232399,-0.0002236002455983,0.0130317422587158,0.0138759888457922,0.010299126995653558,0.01030419458640784,0.010888008822402918
2021-04-09,0.0102666437579765,0.0202516155018228,0.0220955660040971,-0.0099151332538484,0.005797216024608,0.0090225044725651,0.0089938325615908,-0.0017890167391194,0.0084027149360013,0.0013162771423838,0.0073231869083296664,0.009939647379181236,0.007444222040807759
2021-04-12,0.0002344755264314,-0.0132330881569062,0.0021321220877985,0.0368673883528583,0.0561806307307086,-0.0136008213866415,-0.011472299319073,-0.0029443193576741,0.0039480794470028,-0.0045559579498151,0.010016633733743377,-0.004278201707686109,0.005355620997468971
2021-04-13,0.0100816655338706,0.0243066876158868,0.0060987656507736,0.0859569057795637,0.0309355391219101,0.0055348749924115,0.0043703675850108,-0.0057135486569237,0.0174495306947208,0.0017184973229196,0.019069206179493235,0.010811663143532739,0.018073928564014387
2021-04-14,-0.0112190464545162,-0.0178532352809293,-0.0197058823529411,-0.0394716480266797,-0.0256704159465653,-0.0054823342126669,-0.0055535192388493,-0.0224044511103936,-0.0082157870551934,-0.0247592879114111,-0.015692968358230537,-0.01089275774612682,-0.01803356075901459
2021-04-15,0.0152979445356959,0.0187079188230638,0.0138284092409239,0.0090408699190382,0.0563100499948041,0.0185466917244201,0.0193317705444,0.0165114585708334,0.0247145582445746,0.0170363146907033,0.026190143594273713,0.0180311929540669,0.020932598628845736
2021-04-16,0.0047783873864855,-0.0025278976939731,0.0060222877964299,0.0012587846385745,-0.0139273624389477,0.0004789990865656,-0.0010939722131058,-0.0053278343275456,0.0034974046822742,-0.0048796350123982,-0.002916172410066295,0.0013156390977831197,-0.0011720838095640698
2021-04-19,-0.00767046604073,0.005068615799755,-0.0080689559092287,-0.0339966246912567,-0.0346111352884965,0.0020193109723414,0.0030708618990253,-0.0128682575285056,-0.0169689070456474,0.0144546132359963,-0.010875366389795844,-0.003595447304456081,-0.008957094459674691
2021-04-20,-0.0018550932131301,-0.0128299042449312,-0.0110676032661005,0.0061010382568529,-0.0124009849694333,-0.0038090772121653,-0.0046948151566329,0.0013565511301136,-0.0037971231659165,-0.0087836284943957,-0.005581497270251315,-0.004158800187292814,-0.0051780640335739
2021-04-21,0.0089831113838407,0.0029297435616975,0.0081956881999663,0.0349518148368102,0.0124742941005342,-0.0001481686310939,-0.0002895608168039,-0.0038988700591217,-0.0036366366270473,-0.0740033343923006,0.005323430674752483,0.00330119485473912,-0.0014441918443518498
2021-04-22,-0.0130861412029023,-0.0116853279466311,-0.0157583776077573,-0.0328307170404686,-0.0332182329055316,-0.0110627598640172,-0.0113371856338823,-0.0164195839837477,-0.0098567703748821,-0.0002357928893982,-0.01833866715045378,-0.012894043653840238,-0.01554908894492184
2021-04-23,0.0154761962405942,0.0180384300142331,0.0096220787976992,0.0134919506635025,0.0279455371169892,0.0208914461839626,0.0210474986144628,0.0155470665419454,0.0168543000025849,-0.0063485416218179,0.020043953891141546,0.017681135206881696,0.015256596255415603
2021-04-26,0.0015316868966894,0.0029779911296556,0.020389873142889,0.0120646938722885,0.0139369522266858,0.0049410187698744,0.0043479585446779,0.0063427887234286,-0.0002714310496885,0.0093957078681603,0.007347865683636453,0.004379200639565542,0.0075657240124661004
2021-04-27,0.0016057356182714,-0.0024495831862045,0.0024728459958931,-0.0453264988567895,-0.0062184272853083,-0.0084323444322629,-0.0082036912624412,0.0017489373820602,0.0031413514878879,-0.0093082502678797,-0.00853260934925896,-0.004288982849071488,-0.007096992480677349
2021-04-28,-0.028285667261216,-0.0060271440521278,0.0120178229889746,-0.0146720296091045,-0.0068262751017841,0.0315500673171063,0.0297078366437755,0.0116282864532135,-0.0035568448447811,0.0019187044269102,0.0065537360810377756,0.0029639550612590012,0.0027454756960966593
2021-04-29,-0.0080531025447939,-0.0007487142029976,0.0037039349428942,-0.0250576373828006,0.0031418759793599,0.0210007869407116,0.0142939375519433,0.0729729845723285,0.0011834543021438,0.0048961759730274,0.007397904711903372,0.006036205196555622,0.00873336961318166
2021-04-30,-0.0013068882587412,-0.0151332153553628,-0.0011206538551385,0.0479172850812408,-0.0205711558710007,-0.0081360789461911,-0.0164078343987368,-0.0134442744243187,-0.0150168199239393,0.0087818683693516,-0.007550037448131073,-0.006502887543682286,-0.0034437767582836698
2021-05-03,-0.0012689199383911,0.008215274809149,-0.0233401012339226,-0.0345906319502971,-0.0115094186148163,-0.0062030912461779,-0.004427415338857,-0.0076904149746998,-0.0095998840114874,-0.00849121905125,-0.008386852083616203,-0.004695026476932447,-0.00989058215507502
2021-05-04,-0.0161597402949988,-0.0353855336586212,-0.0220345765734863,-0.0164988284479897,-0.0327228740734494,-0.0170843503102408,-0.0154710888203796,-0.0130820328912717,-0.0253445740040939,-0.0116477621235419,-0.02124183915919649,-0.018410289534646244,-0.02054313611980733
2021-05-05,-0.0053271333469884,0.001955538140514,-0.0124793776748219,-0.0039488926585115,0.0074732293692245,0.0010576574280556,0.0034419275505908,-0.0104912556771228,-0.0081720193640427,-0.0141102708747802,0.0007862394431042844,-0.0019412109429224657,-0.00406005971078826
2021-05-06,0.0132267702453068,0.0128024866337803,0.0109554011180843,-0.0110293379109031,0.0044610886336309,0.0104424366304405,0.0097547824643071,0.0158720086806936,-0.0063284986076208,0.006994841741116,0.00756819322877808,0.010387178404605568,0.006715197962883559
2021-05-07,0.0109318049734588,0.005327310432458,-0.0044641130538017,0.013307437822533,0.0199165774885801,0.007281517746829,0.0062377621617213,-0.0029373227682973,0.0105870973693811,0.008587745176765,0.010313248426033941,0.008070298009488384,0.007477581734962731
2021-05-10,-0.0209141903023467,-0.0258044535994864,-0.0307205634060231,-0.0644437100439022,-0.0368950358841516,-0.0237754901228395,-0.025587468053874,-0.0410868325627704,-0.0191312294918595,-0.0340385720390487,-0.031121380687102074,-0.025103216870966862,-0.03223975455063021
2021-05-11,-0.0038434083250152,-0.0074103198697216,0.0104748556192775,-0.01882227905076,0.0028389336384859,-0.0140498207410061,-0.009464357368823,0.0018302382526709,0.0121198150515269,0.0172388686135369,-0.00578539036829648,-0.00634391515497161,-0.0009087474179827802
2021-05-12,-0.0293627034200429,-0.0249384845700864,-0.0223238157902968,-0.0442482120366518,-0.0382874662105915,-0.0301806734776214,-0.0307525163148116,-0.0129840831663591,-0.0269997443187215,-0.0204006953728873,-0.031936559621896565,-0.029201442143816016,-0.02804783946780703
2021-05-13,0.0168618475297193,0.0179197247127067,0.0030235442864994,-0.0308532311739501,-0.0067776796321706,0.0102229005674714,0.0130848944438131,0.0089572702280193,0.0043847741268383,0.0034640458614696,0.004452654334485829,0.011744852780352978,0.004028809095041641
2021-05-14,0.0210673827952894,0.0198446891312342,0.0194308127432787,0.0315730342263358,0.0422787990245063,0.023956967464092,0.0221350191727085,0.0349865414732835,0.0261514971642358,0.0137878415009424,0.027880486421182155,0.02279278597946124,0.02552125846959066
2021-05-17,-0.0119685394792595,-0.0092585676230458,0.0147351740494732,-0.0218909574031092,-0.005441284967233,0.0022666828714199,0.0046261113340422,-0.0015193106189825,-0.0078510523177041,-0.0089790482698487,-0.003668448410030022,-0.003924207142117556,-0.0045280792424247495
2021-05-18,-0.0085651244500839,-0.0112456858304225,-0.0116530032341315,0.0018029193511959,-0.0105713117312433,-0.0077452844097273,-0.0115556471616922,-0.0174348575315846,-0.0043915876950653,-0.0054403464415251,-0.009063025496569224,-0.009027155320443226,-0.00867999291342798
2021-05-19,0.0024739956491997,-0.0012814992076254,-0.000148495797299,-0.0249363578740579,0.0035673342458055,0.002292246413337,0.0039912260121661,0.011711205011617,-0.0003120843942416,0.002920155060706,0.0007980898811353948,0.0018039904478088535,2.777251196074026e-05
2021-05-20,0.0138203197301265,0.0210121021118212,0.004913634123161,0.0413871545264661,0.038871034002665,0.0205223383622763,0.0156064058991856,0.0160081286521653,0.0233105333874943,0.0286446599472298,0.024312536720779203,0.017678597805420186,0.022409631074259112
2021-05-21,-0.0053148251674156,-0.0147670974449393,-0.0137328354190785,-0.0100549161668895,0.0259537544612182,-0.004664503304001,-0.005557150468064,-0.0074698663320297,-0.0073219962674436,-0.0075348294736523,0.0007604693311059344,-0.00587424810502448,-0.00504642655822953
2021-05-24,0.0228821160903369,0.0133141865521542,0.0130842535869939,0.0440021980098972,0.0413727325674817,0.0262546677868928,0.0291658098766851,0.0265629247946361,0.0199970902944668,0.0100624211152335,0.029923558797544852,0.024403218670898223,0.024669840067477824
2021-05-25,0.0037482976434592,-0.0015735659604785,0.0043328512702129,-0.0028856935463171,0.0022899433053507,0.0009972892327525,0.000775115190666,0.0097341710603737,0.0145632046869847,-0.0031020044116365,0.0015620808189896732,0.0023223357902467227,0.0028879608471367602
2021-05-26,-0.0009136836777059,-0.00039399173433,0.0018747373952956,0.0238800095127087,0.0033391690617996,0.0101532791947005,0.0073808297267488,-0.000396610623968,0.0037618279260784,0.0020345254879685,0.006281318386597903,0.00432381006093881,0.00507200922692962
2021-05-27,-0.0086683699542882,-0.0123768412111778,-0.0107344834386782,0.0189297415814955,-0.0135031872410749,-0.01274692263105,-0.00740665147103,0.0155343830124594,-0.0171604635512937,0.0029859066103761,-0.007442052163860447,-0.008839283212616744,-0.00451468882942618
2021-05-28,0.001484035721168,-0.0053480146765825,-0.0021795043409645,-0.0089244752543193,0.0488442774274167,0.0037669141699017,-0.0024674666767348,-0.0120811089406461,0.0126434695605754,-0.0020838864590526,0.010391910934128371,0.001369924718442899,0.0033654240530762002
2021-06-01,-0.0091316509541093,-0.0026482535861228,-0.0013714148022673,-0.0021111721653561,0.0012311987099329,0.0075677153185094,0.0103230298866465,0.0012167857713483,-0.0171825740682814,-0.0074183310094004,0.0021542798618863286,-0.00035265950519352505,-0.00195246668991002
2021-06-02,-0.0004041999782794,0.0062761255898493,0.0047660007975605,-0.0301010230446793,0.0315871346072582,-0.0035105748156752,-0.0044473094442323,6.073284020402525e-05,-0.0002823395351386,0.0003205959048002,0.003683349757718919,-0.001251332235402267,0.0004265142921667422
2021-06-03,-0.006429369496148,-0.0121541402298993,-0.0145269404498064,-0.053344738674517,0.0114135346144652,-0.0068847559143684,-0.0097064482453028,-0.0094485342752277,-0.0053048269527262,-0.019649862183516,-0.007752802312699574,-0.008873534835098758,-0.01260360818070466
2021-06-04,0.0206746703901188,0.0190221644473453,0.0060275810053072,0.0457544161801388,0.0358580255051543,0.019608128096419,0.019590381785477,0.0132192273372191,0.0230360235520534,0.010849349398168,0.02493681511898291,0.020179579735178046,0.02136399676974009
2021-06-07,0.0120419738516188,7.944647002489091e-05,-0.0025606356002577,0.0101494318033439,0.0023181954270279,0.0058448126821351,0.0036472636070747,0.0188587282786367,0.0098513399405353,-0.0001616728011009,0.005495250824036717,0.007162289463588712,0.006006888365903869
2021-06-08,-0.0048854588694072,0.0066719297497896,0.0206691338655315,-0.0025448713289304,-0.009194595123231,0.0067961872445594,-0.0016068384137138,-0.0086160618931867,-0.0005299409179541,-0.0045889883589618,-0.001496901347226028,0.00046108382120415626,0.00021704959544955037
2021-06-09,0.0040384205133157,0.0030771497202248,0.0052203493268985,-0.0079689818996958,-0.0054289177207118,0.0034435441780746,0.0039609080209193,-0.0102792887555593,0.0107619420087523,-0.0133634249264782,-5.011214202825569e-05,0.003043286636261808,-0.0006538299534259903
2021-06-10,0.01439329321759,-0.0080232297922822,0.0208768273458783,0.0189384506008634,0.0038454722721408,0.0121217777907738,0.0112917857862802,0.0066918728236184,0.0404912319954897,0.0030052716206141,0.009843797104181002,0.012242598157978143,0.012363275366096648
2021-06-11,0.0025268816203363,0.0098326493320852,-0.00084182648411,-0.0003769422439598,0.0229698165904528,-0.0030417852561488,-0.0020245047438399,-0.0036093997247325,0.0107185348551486,0.003078375508162,0.005230643780280193,0.0012241346650016787,0.00392317994533939
2021-06-14,0.0077552733110624,0.02457789701428,0.0110672003468232,0.0127891698636846,0.0108554056535257,0.0052149850451759,0.0076989389257049,0.0166333962255207,0.0289879202418816,0.0227510408786575,0.010298064108548364,0.009765243638275153,0.014833122750631651
2021-06-15,-0.005887196072539,-0.0064377914818737,-0.0002187536679617,-0.0296751071583638,-0.0127783500820188,-0.0025247431388244,-0.0083792461696728,-5.935505137899533e-05,-0.0152437199337021,-0.015983557903232,-0.009336312621046337,-0.006380187566951526,-0.00971878206595673
2021-06-16,-0.0037931240911546,0.0039340029744214,0.0094942015561985,0.0091931562631761,0.001222651402835,-0.002669927810555,-0.0053286097250282,-0.0168374550853748,-0.0093534711633002,0.0010368164387495,-0.0013187219066725364,-0.002656767599029604,-0.00131017592400323
2021-06-17,0.0136762794419211,0.0126008604725895,0.0216645897079277,0.0193925655049229,0.0475568827732963,0.0053660962576105,0.0080399786350198,0.0164009399939961,0.0147791724159427,0.012042793509126,0.0193254086923007,0.011711282903675613,0.01715201587123526
2021-06-18,-0.0056343495025099,-0.0100917373103118,-0.0006706583687869,0.0108822936444616,-0.0009915696344084,-0.0063581931360593,-0.0134093994468288,-0.0203560244760624,0.0258089857572814,0.0048761749398096,-0.005044121834191933,-0.006038525763183919,-0.00159444775334149
2021-06-21,0.0123347043992967,0.0141038942326479,-0.0094467698889511,-0.0039787280934966,-0.0113472308147104,0.0070679114051583,0.0141660753015195,0.0079779317117281,0.0031117044431194,-0.0075283844535659,0.0038049482435233493,0.009134793188291124,0.002646110824274591
2021-06-22,0.0109660551024934,0.0126983517138685,0.014904625583759,0.0046389590083237,0.0249358254252476,0.0043058366921151,0.0042524810672139,0.0202834566717291,0.0147880750064579,0.0237827102615693,0.011750089998739789,0.00902152130676847,0.013555637653277752
2021-06-23,-0.0009040021579251,-0.0020897619220241,-0.0004621026254233,0.0526847153980798,0.0090274802872305,-0.0042362411042414,-0.0016635539877625,0.004601353876062,-0.0026227290551765,0.0077040661649927,0.005186790180159514,-0.00028050896193070193,0.006203922487381209
2021-06-24,0.0053530755489692,-0.0021691088589148,-0.0156229455102259,0.0354113038246048,0.0077791886008364,0.0064881063128945,0.0030541816637135,0.0076044423806271,0.0070181462834804,0.0103756447785552,0.007371453869818141,0.004752251204971069,0.006529203502454041
2021-06-25,-0.0062619519497338,-0.0022486194753859,-0.0138066139153293,-0.011694289544497,-0.0090859270161685,-0.0022548322784317,6.93559183673198e-05,-0.0052741944079472,0.0024209922453397,0.0173918253383464,-0.0044728453479362645,-0.0036379396505211454,-0.0030744255085439973
2021-06-28,0.0139612172925194,0.0125458891237124,0.0124740354102319,0.0250792208692098,0.0501288065386003,-0.0013819477677983,0.000224494225915,0.0418022093593783,0.0157678905319205,0.0113078375184418,0.017997697558458436,0.009066807578572056,0.018190965310213112
2021-06-29,0.0099731571425534,0.0115002181873253,0.0012340696514829,-0.0115576160633796,0.0020890297130882,-0.0063159753333712,-0.0021503966435828,-0.0105443702672208,0.0033118411001054,0.0008816970422504,-0.00046610932471310783,0.002134101304559845,-0.00015783454707488
2021-06-30,-0.0018422231405331,0.0046212743546274,-0.0023142857446706,-0.0015570802991202,-0.0012109041826255,-0.0055745975185278,-0.0014966211017745,-0.0118787797943059,-0.0086499957680914,-0.0099156101218369,-0.0025483931563299797,-0.0027408472567051504,-0.00398188233168585
2021-07-01,0.0025840070905507,0.0022634114517436,-0.0020900019719781,-0.0026188450324758,0.0104737127727823,0.0083987872374167,0.0029076431169765,0.0192114813289905,-0.0015539153348324,0.01009059990914,0.005739438859303072,0.004196507613380395,0.0049666880568314
2021-07-02,0.0222753338480257,0.0195964635169165,0.0227237667847342,0.0014456588160494,0.0136057630504677,0.0186002697759997,0.0229736784658289,0.0008747340130337,0.0142630398393461,0.0008246842188832,0.016605904822677358,0.0196609188037376,0.01371833923292851
2021-07-06,3.60133475425517e-05,0.0147184065992636,0.0469270719111305,-0.0284578086861284,0.0103236047701054,0.008172857136951,0.0074447229625302,-0.005413061559186,0.0064579509245019,0.0143451726411165,0.0054456147263846405,0.006163117317869763,0.007455493004782725
2021-07-07,0.0081754391348423,0.0179552561525113,0.0056696306204182,-0.022635605408282,-0.0157861592059265,0.002361901805576,0.0022505471470493,-0.0064913232226637,0.0148601032725037,-0.0104866568988629,-0.0025787013379226648,0.004734929560595394,-0.00041268666028343036
2021-07-08,-0.0089664704261771,-0.0091997303018255,0.0094221775979608,0.0126579906867418,-0.023022106368185,-0.0069227997389182,-0.0113067101641974,-0.0138092274760828,0.0002971292636766,-0.0097022385748017,-0.010251170011452626,-0.007779837547081281,-0.006055198550180851
2021-07-09,0.0018744380235173,0.0130550522473205,-0.0032346550726534,0.0063418360819897,0.0074110719433955,0.0030771541683083,0.0037947580227706,0.013800142001449,-0.0023929564671747,0.0098348969433472,0.005217975282745273,0.003592018171855215,0.005356173789227
2021-07-12,-0.0022306599380779,-0.0042038193853084,-0.0002124137565555,0.0437628426438021,0.023054595459202,0.0076365485015823,0.0116078074713634,0.0078191624289449,-0.0071132969396194,0.0024814695504111,0.012577080706536037,0.004346952415157141,0.00826022360357446
2021-07-13,0.013197667080117,0.0078893247488383,-0.0110768825099119,-0.0250255705114381,-0.0127971031402358,0.0032971814222839,0.0028824725916318,-0.0030298108162895,0.0080139918424393,0.0062719752331874,-0.0016816102852888705,0.005543270659092262,-0.0010376754059377607
2021-07-14,0.0054453110749395,0.0241004711859407,0.0011747081804083,-0.022676240013877,-0.0201728853977579,0.0083056959981944,0.0070322367223119,-0.0126671903509578,0.0063139566897414,0.0134460662390369,-0.0012545013760563687,0.006289392539178518,0.00103021303279804
2021-07-15,-0.0052388653886722,-0.0044920704095513,-0.0137111269671336,-0.004254842478689,-0.044111960779515,-0.0061778905628805,-0.0096071695751116,-0.0091189309162192,-0.0043690914142296,-0.0091249199571146,-0.015655336932504205,-0.007397732299868913,-0.01102068684491166
2021-07-16,-0.000996277942911,-0.0140759695796476,-0.015854281994068,-0.0098063406630066,-0.04245702323052,0.0044108107003526,-0.0002756568532678,-0.0095801750166102,-0.0001154907071668,-0.0232802536525223,-0.01195835906516288,-0.0026165080903368743,-0.011203065893936772
2021-07-19,-0.0133214430213768,-0.0269144248279077,-0.0067269962998571,0.0031045296483054,0.0340702145019913,-0.0196555194260273,-0.0188390347508173,-0.0123402273145711,-0.0066820461316104,0.0037148667900468,-0.003595148801501296,-0.01482215329176165,-0.00635900808318242
2021-07-20,0.0083389975922119,0.0259740712362201,0.006648613618734,0.0220977834806037,-0.0089325564284715,0.0142935421283301,0.0130961651444583,0.0139783108243367,0.0110787860359529,-0.0023108907585935,0.008616211492332286,0.011925826851939549,0.010426282287378269
2021-07-21,0.0074466360495459,-0.0051318262958021,0.0033611451387436,-0.0078879969719909,0.0428756473182596,0.0114338816369061,0.0106133213530621,0.0133758910803032,0.0058155460123716,-0.0328029063056866,0.014364422967966431,0.007669908150180287,0.004909933901571252
2021-07-22,0.0168443999631775,0.009628650541599,0.0147356015625472,-0.0092019841634142,0.0094796516445112,0.0054901972259147,0.0068404895909846,0.0143257107772787,0.0186521785082778,-0.0036213149190923,0.007653033280348027,0.010548605046823355,0.00831735807317842
2021-07-23,0.0123366145802137,0.0119891087293317,0.0051153684416165,-0.0090564718439997,-0.0018373148227311,0.033657469224994,0.0357689792722755,0.0529628033089621,0.00351141935701,0.0071125389886823,0.01747159896949299,0.021186826226811877,0.0151560515236355
2021-07-26,-0.0021404346197918,0.0028945210929345,0.0118087031437414,0.0221330938004515,-0.0134982690500646,0.0132676264359006,0.007668271106362,0.0072202653803985,-0.008100735041628,0.0020954522740677,0.0032621154372252906,0.00474733453052618,0.004334849452237181
2021-07-27,-0.008683563733741,-0.014900373010334,-0.0198469584061945,-0.0195249020674926,-0.0044573421257818,-0.0203946317908064,-0.0159286573583408,-0.0124845436083361,-0.0040592123851651,0.004685440273489,-0.012835352936911805,-0.013659288978416331,-0.011559474421270331
2021-07-28,-0.0011168020413739,-0.0121960323965693,0.0010837706688919,0.0034119403533821,0.015358090268962,-0.0030337213328897,0.0317967714177407,0.0148718116139952,0.004269835472884,0.0007516043635569,0.009790757173543779,0.004685731357799431,0.005519726838857989
2021-07-29,0.0009783210386742,0.004552447807685,-0.0083739575107899,0.0469411681022957,0.0081526042599779,0.0011659118488986,-0.0023255375961056,-0.0400771325548573,0.001256247215996,-0.0097246064253712,0.004146382352601554,0.0005725085978852166,0.00025454661864033983
2021-07-30,-0.005549783891438,0.001510534487972,-0.0756488588359216,0.0145420186742577,-0.0082900388593092,-0.0096638493450048,-0.0077406122592881,-0.0056374719818533,-0.0001126057562309,0.0064560175012153,-0.0066516734042730155,-0.008400583738069884,-0.00901346502656009
2021-08-02,-0.0003158398895091,-0.002330847031863,0.0011689817246505,0.0326978617689546,0.0128724266060811,0.0056833322646998,0.0009500948115059,-0.0122087458504207,-0.0046329890398388,-0.0046756631320794,0.006259328718498046,0.001882564861066528,0.0029208612232180906
2021-08-03,0.0080752357568885,0.0126441650466839,0.01043380425777,9.864726094810372e-05,0.0032910713842868,0.0021362160007527,0.0057506458790559,-0.002017394447482,0.0040889357575757,-0.0084053514476786,0.0042318932060549435,0.005772742187096741,0.003609597544880101
2021-08-04,-0.002124517800331,-0.0027822541701687,-0.0034222215392314,0.0016625708239998,0.0231643329309694,-0.0018454761590633,-0.0037197108440124,0.0218654572903274,0.0070820946990393,0.0127833070563345,0.0049029841190684305,-0.0008725439157543158,0.00526635822878636
2021-08-05,0.0105057181350194,0.0007485855142956,0.0063403262221197,0.0052186210666693,0.0179046513745095,0.0067007945189228,0.0083330011421494,0.0112838177123326,0.0102289094610701,0.0145743487963359,0.01002336058781482,0.008380856304203552,0.00918387739434243
2021-08-06,-0.0002072071968876,-0.0047671624857108,-0.0091973166662143,-0.0217315658331475,-0.0131316613513505,0.0007010084583214,-0.0037650994267264,0.0014877510497073,-0.0011074737077156,-0.0082684502962014,-0.006131471263445949,-0.0022158054133627064,-0.00599871774559254
2021-08-09,-0.0039039147836823,-0.0003421367819778,-0.000917751605155,0.0209698676917133,-0.0034862523640374,0.0070492674203963,0.0086526629611152,-0.0052268849487804,-0.00342113146266,-0.0011142388115855,0.003370852650259578,0.0020824734165439253,0.0018259487315346406
2021-08-10,-0.0065548655481884,-0.0033540085012663,-0.0063408164465177,-0.0052819154157991,-0.0176891057139589,0.0006847339072242,-0.0007742570070984,-0.0013273416661877,-0.0118877043716718,-0.007942658673264,-0.0060978823320782085,-0.0037572546506889674,-0.00604679394367281
2021-08-11,0.0017805036644866,0.001785658560373,-0.0086036069675624,-0.0030563571748384,-0.0118879711753343,-0.0029471757794035,-0.0038593841736731,-0.0032398692542868,0.0069000531878284,-0.0066687399580178,-0.0044454553900633124,-0.0012674963329469106,-0.0029796889070428305
2021-08-12,0.0099668496070168,0.0207733771890104,0.0034597545737555,0.0203865288594475,0.0104573588574494,0.0050839024768511,0.0067140955232649,0.0074730610825022,0.0132900126425083,-0.0032787332578266,0.009415421348951744,0.008832479260692822,0.009432620755397948
2021-08-13,0.0104895916235603,0.0014104913010477,-0.0028848279097926,-0.0070335991692627,0.0142175178152985,0.0001192568783574,0.0038887146868593,0.0014614614884014,0.004666228599337,0.0101816689963547,0.0052756341986149105,0.004846815816244828,0.0036516504310160998
2021-08-16,0.0059758130437082,0.0135478716835111,0.0015240026606788,-0.0432254566348742,-0.0117891699213105,0.0036847934948192,0.0042256963180704,0.0093066938299104,-0.0005805589134973,0.0038765701385905,-0.0026246970252149886,0.003806504165065748,-0.00134537443003934
2021-08-17,-0.005159620855883,-0.006153985726883,-0.0172871179278721,-0.0298176275659088,-0.0246616310721206,-0.0116293505460869,-0.0119152920453773,-0.0221245799984972,-0.0030301001569063,0.0019114728770757,-0.015096593016933885,-0.009644993548034098,-0.012986783301845951
2021-08-18,-0.0061191647316792,-0.0255011214491749,-0.0125664692007588,0.0349701329868217,-0.0214822275691521,-0.0053204860677109,-0.008872286700148,-0.0083693678325221,-0.012976157651436,0.0057043074020857,-0.00798088835867355,-0.007537601891988148,-0.00605328408136746
2021-08-19,0.0207752133301437,0.0023230630910322,-0.0042077617664594,-0.022525753966324,0.0398109015284602,0.0025152369651069,0.0017054825189219,-0.0009284484142878,0.0173747190396886,0.0418495548877071,0.012083488829853273,0.009618865299274585,0.009869220721398942
2021-08-20,0.0255753488604939,0.010156853949784,0.0038271354403576,0.0100821703897469,0.0514194229749096,0.0111274526534823,0.012894305990698,0.0119677857057864,0.0151805890441236,0.0058302824515528,0.02236103411627159,0.01696308620397372,0.015806134746093513
2021-08-23,0.0009528486473016,0.010257150164409,0.0206003740712881,0.038279448471475,0.054861630921815,0.0192325751758293,0.0190061043398479,0.0110749674579815,0.0147062712066776,0.011794199716627,0.025697382246855187,0.012923867998307937,0.0200765570173252
2021-08-24,-0.0066633810601682,-0.0006013037354005,0.0122202998191063,0.0031006683239531,-0.007514390573181,0.0092062626345459,0.0087116680842784,0.005944692347136,0.0005785175055228,0.0001444996612212,0.0017880652656184488,0.0020154339359567653,0.0025127533007014004
2021-08-25,-0.0020156797636586,-0.0084213293418458,-0.0019965324196106,0.003825067450847,0.0192722691416089,0.0038729442769114,0.0057871741825421,0.0078794148483101,-0.0006694693060294,-0.0105346059602001,0.006013325569656152,0.0010351697939483743,0.0016999253108875006
2021-08-26,-0.0096686000573293,-0.0055270763166141,0.0050982572477651,-0.0141170399755279,-0.0065277479526439,-0.005785253235397,-0.0044939852650529,-0.0108852298833344,-0.0067143317304689,0.0046385513005307,-0.006535305610920037,-0.006632815170067106,-0.00539824558680726
2021-08-27,0.0021064061266697,0.0071845995542019,0.0101417017490952,0.0153460129133753,0.0257386381664923,0.0170802930089188,0.0181242352546371,0.022641198437878,0.0093962275005083,0.0159964881843641,0.016597920348587772,0.011017030631603636,0.014375580089614072
2021-08-30,0.0129120345225139,0.0304171247450346,0.0214770549322806,0.0266743320225077,0.0022972419893587,0.0063575992253308,0.0040727968258944,0.0215495233670193,0.0113435731232589,0.0129893548644153,0.009829727995774314,0.011566452620119277,0.015009063561761422
2021-08-31,-0.0056325670230582,-0.0084247451244107,0.0143852003676108,0.0065808350928056,-0.0131810529568163,-5.152386084816829e-05,0.0007399835937842,-0.0033625781183989,-0.0034384570855187,0.005316346457336,-0.0033074977922684518,-0.0020996364112888318,-0.0007068558657514366
2021-09-01,-0.0001656883502435,0.0044786403928418,0.0023654444399539,-0.002215440744098,0.0025016662273396,0.0026123998109897,0.0035799195478207,0.0070377536106573,0.0032996880524389,0.0226286564323734,0.002745706044517461,0.0022570350611576364,0.00461230394200738
2021-09-02,-0.0022529007364666,0.0074749026899638,-0.0045644964070135,-0.0023158086031319,-0.0020052448285683,-0.0111285514531778,-0.0132802862698757,-0.0177201654564638,-0.0018771868804789,0.0111326488602254,-0.006003387992832404,-0.005887382062487895,-0.0036537089084987305
2021-09-03,-3.313631146872886e-05,0.0042304609364596,0.0043111216173852,0.0016111524950268,0.0199588581009466,0.0038552886412568,0.0031580146948362,0.002611412818726,0.0029339371027787,0.003364269884243,0.006740703606268557,0.0026174206846620233,0.004600137998019017
2021-09-07,-0.0031879589300013,0.0154893326265095,0.0089820415347334,0.0263778178160982,-0.0079236442475397,0.0051389683992402,0.0037637767813345,0.0157337554953023,-0.0078009147892637,0.0273991028490101,0.0038242671079054386,0.003295723514407238,0.008397227753542352
2021-09-08,9.993337563973804e-05,-0.0100836080252378,0.0046191568151543,0.0012617702032753,-0.0142529170914508,-0.0043671140919578,-0.0040858045830236,-0.0120623425727051,0.0027668334242996,-0.001087890385961,-0.005803620286718262,-0.0027667426441180636,-0.0037191982931967164
2021-09-09,-0.0098597351478552,-0.0067049100508196,-0.0117260212735782,0.0013132105091939,-0.007251868961242,0.0002070967419178,-0.0010439066917949,0.0011388431073129,-0.0023219716946671,-0.0140417625088707,-0.003968263027691075,-0.00492479309091461,-0.00502910259704031
2021-09-10,-0.0051808544995795,-0.0331018837772243,-0.0043080714947391,-0.0246270372908957,0.0135725974915885,-0.0206502836474842,-0.0185661402447741,0.0018254021164021,-0.0041409609312457,0.001974751553778,-0.0095638456897999,-0.013262900555944727,-0.0093202480724174
2021-09-13,0.0043285618983364,0.0038934568932333,-0.003453289808288,0.0091406410925165,-0.0145030474886691,0.0108793370426463,0.0103388376278512,-0.0057566663721952,-0.0209275168575969,-0.0157502563080528,0.0016653243968514394,0.005130404604515138,-0.00218099422802183
2021-09-14,0.0094279911588939,-0.0095621327454783,-0.0020739281440502,0.0020053701211306,0.0040628114109277,-0.0004112264245111,0.0014894669685305,5.309022195709723e-05,-0.0002170254898727,-0.0195658647362912,0.00150493719991378,0.0024854603324128395,-0.0014791447658763703
2021-09-15,0.0167784043797136,0.0061436824390479,0.0074753736231885,0.0152319401903575,0.0044510655916829,0.0125517755642867,0.013224009490008,-0.0069316814249373,0.0249143528795778,0.0088444767923623,0.010530992369720093,0.013326202021829027,0.01026833995252879
2021-09-16,0.0013122301384898,-0.001610439370456,0.0035819053683638,0.001534700890293,-0.0044313414004504,-0.0057332842063019,-0.0056740958393816,-0.0022999972456675,0.0060960366315232,0.0062278124301113,-0.00297211652024062,-0.0017682583623030877,-9.964726034762986e-05
2021-09-17,-0.0175283598141394,-0.0183479584410241,-0.007373337291509,0.0033025535780202,-0.0153763062258457,-0.0201560368019495,-0.0195668658027911,-0.0223556453243748,-0.0159823265921952,0.004859294117647,-0.015773288798647027,-0.017368437073548862,-0.012852498859816161
2021-09-20,-0.0185747393633032,-0.0213610500972672,-0.0308417104834529,-0.0386048629818017,-0.0359360502283104,-0.0172941895450473,-0.0147763164062499,-0.0247312704959111,-0.020153407901033,-0.0236192136537899,-0.02391199014523506,-0.019313040714661216,-0.024589281115616663
2021-09-21,0.0016989467223491,0.0034279283278153,-0.0036058017397454,0.0126135313891697,0.0062994456898723,0.0045281669153849,0.0022599631781459,0.005004214056647,0.0071730997798313,-0.0039795944386931,0.004360927583527692,0.002905527077640472,0.003541989988077701
2021-09-22,0.012822249504298,0.0168724462493663,0.0108924035477642,0.0169872013241689,0.0327120247153149,0.0092519642916699,0.0089942714289039,-0.0399183718275089,-0.0306708534579218,0.0305510146591319,0.014624739198152619,0.00984220379096995,0.0068494350435187295
2021-09-23,0.0032822394087652,0.0067192675598257,0.010635922687191,0.0022608359649416,0.0246570479985954,0.0063006236315796,0.006647305819462,0.0080125872559462,0.007602878019983,0.0044188366950781,0.01007811809911854,0.00582203223358386,0.00805375450413678
2021-09-24,-0.0007010014735011,0.0006128866074586,0.0027868911007025,0.027533039099576,-0.0178365308920215,0.0056864841320529,0.0070742623070154,0.020233553538276,-0.0128875858411564,-0.0014664649316241,0.0011882627323424606,0.0028642892995965684,0.00310355336467783
2021-09-27,-0.0173041352803581,-0.0105499856321374,-0.0057567817104744,0.0219139834854407,-0.0190661294240852,-0.0079364146790731,-0.0080371647175679,0.0017565616948354,-0.0306081439620702,0.0004220192671546,-0.00921631758908737,-0.011239729601007832,-0.00751661909583356
2021-09-28,-0.0362036357526351,-0.0238013242136979,-0.0263785562004377,-0.0174383179104009,-0.044367501079386,-0.0375757370083904,-0.0371582756295857,-0.0365687920000971,-0.0412159413746664,-0.0148320038767547,-0.03572158907213487,-0.03495151322558457,-0.03155400850460519
2021-09-29,0.0016930411209912,0.0064830652431486,-0.0044752784033993,0.0048227789619392,-0.0087927289049536,-0.0122114238201171,-0.0108702160548916,-0.0030530134105917,-0.0018487619659359,0.026051250535634,-0.00545960736757138,-0.003842272342996709,-0.00022012866981761976
2021-09-30,-0.007323897887324,-0.0093117845184137,-0.0048710975154133,-0.0074618499890232,0.009699303111559,-0.0093330646248463,-0.0050426850275941,-0.0006477135823906,-0.0034274553554969,0.0188295480213318,-0.002515400460778886,-0.006449931761020266,-0.00188906973676113
2021-10-01,0.0254681919300281,0.0081271439857233,-0.0005418591490111,-0.0003352878303833,0.0012550395586978,0.023989682094994,0.0214474126137271,0.0106661800288969,0.0030396722159218,0.0046039860990472,0.013810552810270306,0.01965248079147126,0.00977201615476418
2021-10-04,-0.0207195464395805,-0.0246056664648628,-0.0284716960323833,0.0081397000026461,-0.0486934292613385,-0.0197673173948886,-0.0211179495618154,-0.0489198522223885,-0.0328674770172594,-0.0159831160668764,-0.026125034555137275,-0.021884243341080967,-0.025300635045874733
2021-10-05,0.0199569965714916,0.0141584301831276,0.0097874996758906,-0.0012027714420683,0.0364382107486951,0.0180316185536018,0.017683000850406,0.0206295551392419,0.0147003923919926,0.0521422445535988,0.02130861556030169,0.018417308131494458,0.020232517722597772
2021-10-06,0.0150643262548715,0.006307129265654,0.0127320738900962,0.0027671029929774,0.0121754684899386,0.0086431771381789,0.0113363506326569,0.0020423594977811,0.0063701886775324,0.0067578929341312,0.01005918702954669,0.0110676530705379,0.008419606977381821
2021-10-07,0.0059364098428786,0.0090844855171332,0.0123911091247694,0.0138741424465027,0.0181159420289855,0.0133341154825994,0.0120670048372466,-0.0132478533787381,0.0151672319095483,-0.0113440780351398,0.011639558148968608,0.00942065890363629,0.007537850977578581
2021-10-08,0.0,-0.0027217766037805,-0.0041817132488369,-0.0102317198037774,-0.0115777081850533,0.0062542995656578,0.0040258434189262,0.0025210710086838,-0.0036272573583672,0.0012819451305954,-0.0015976514930434776,0.0013838687951021513,-0.0018257016075952101
2021-10-11,-0.0021027471167832,-0.0006297421192041,-0.0128686398837107,0.0082114502821353,-0.006528736081117,-0.0086287502821856,-0.0062345279886492,-0.0139372100204407,-0.0065700136923174,-0.0088831208545574,-0.005210453815548086,-0.005086097832272371,-0.0058172037756829996
2021-10-12,-0.0045882675102099,-0.0091030424892775,0.0003172932213451,0.0174002689158261,-0.0011596521066874,-0.0153729601733106,-0.017744809193242,-0.0051621537503584,0.0132967960404879,-0.0033490304823913,-0.006913651939197327,-0.008625487904764974,-0.0025465557527817994
2021-10-13,0.0117112569702395,-0.0042399505088936,0.0113785633466485,0.0066524924203474,0.0129649843222152,0.0086824186116813,0.0083034368760741,0.0023782933136522,0.0179613786427821,0.0077127531996261,0.009009675351025627,0.009001071827022462,0.00835056271943728
2021-10-14,0.0217340016991258,0.0202256285046324,0.0047438336141951,0.0089263572622331,0.0385405608603111,0.0254677266134879,0.0259409405938568,0.0122942931205747,0.027727052271341,0.0064151072406137,0.02522270516239203,0.022429348813767423,0.019201550178037163
2021-10-15,0.0048224310487201,0.0075125552862094,0.0330801638434425,0.030196037966355,0.0053342590023921,0.0018598174195252,0.0015373915059944,-0.0114753264891342,0.0042468715865273,-0.0086936101361996,0.0056522282639793675,0.004862643354951494,0.0068420591033832205
2021-10-18,0.0101246444598197,0.0118061033463279,0.0110647546153161,0.0321221724831346,0.0164669567392496,0.0090735701429327,0.0099739512947722,0.0325778595708257,0.0208821476113065,0.0154068874865929,0.014212848805150606,0.011506022641801852,0.01694990477502779
2021-10-19,0.0030590060609487,0.0150801277598511,-0.0007514602225623,-0.0067117549513008,0.0030599990862207,0.0060261331749047,0.0032147567588596,0.013866505801473,0.021257790470301,0.0016145415095094,0.00404777511614646,0.00508570852422582,0.005971564544820511
2021-10-20,-0.0026603736519348,0.0033611905945367,-0.0084461605411273,0.0017702430543637,-0.0083893900867488,-0.0097828887712556,-0.0102487859639924,0.0023236242925857,-0.0058169886321962,-0.0216901173708921,-0.006749771092781024,-0.0058768942448962115,-0.00595796470766611
2021-10-21,0.0108975178309422,0.0014738482612473,0.0058417569985114,0.0325710468824815,0.0266479619357007,0.002566463460395,0.0008253172754841,0.0032279065767588,0.0099466737032645,0.0448218916205518,0.01231448574232943,0.00728579215827616,0.01388203845453373
2021-10-22,-0.005148686924035,-0.0052848898474232,-0.0289547805422552,0.0175391420581654,0.0014983121937097,-0.0291041507369198,-0.0304434172091887,-0.0505148582760784,0.0077036986941405,0.0177905206692756,-0.013272732658044841,-0.01604136474163227,-0.010491910992060911
2021-10-25,-0.0033316049510726,-0.0003362624523388,-0.0045509531492566,0.1266159450425552,0.0193611242489026,0.0010676144274119,-0.0008687205577809,0.0125689818198291,0.0052673388086255,0.010349203796554,0.014885736691443495,0.0026660101796297277,0.01661426670334294
2021-10-26,0.0064257942033265,0.0045748585738369,0.0167752235555973,-0.0062740199579556,0.06695153989551,0.0064781982996151,0.0135433955630388,-0.0391858709471789,-0.0069090857386949,-0.0046749145791362,0.019263534076781337,0.007419490193575335,0.005770511886795901
2021-10-27,0.0421141808768266,-0.0031476018743147,0.004863620028398,0.0190783776337586,-0.0107618360704117,0.0483669278214848,0.0495950282532695,-0.0113675850123021,-0.0037665105058365,-0.0083767678341182,0.02397423263502138,0.03532115184529847,0.012659783331675431
2021-10-28,0.0036513072145714,0.0249915350274601,0.0159411164541121,0.037750808939801,0.0200401173784325,-0.0020385415649762,-0.0025202584345288,0.0150535263114035,-0.0012498249886778,0.0167893641546781,0.009868873093798625,0.004601987754923982,0.01284091504922759
2021-10-29,0.0224140245583963,-0.0181555796303161,-0.0215112806463332,0.0343162367801259,0.0250992097333835,0.0146548025569619,0.0150635048239171,0.0209831936363071,0.0173319288846423,0.0241228548171117,0.017462662262042634,0.014599286821131246,0.013431889551419652
2021-11-01,-0.0067848743559627,-0.0056074775352192,-0.0161070284914076,0.0849102028725314,0.0101693238171809,-0.0303263072117228,-0.0307269306150455,0.0198102539213407,-0.0156220758262057,-0.0132404499811401,-0.004802874407358626,-0.014566440244722678,-0.00035253634056505996
2021-11-02,0.0114157636004457,0.007116009286358,-0.0016154096238977,-0.0302749212134365,0.0222248857570517,0.0145297586109431,0.0134880735471112,-0.0057579972624461,0.0003124211125444,-0.0050648326938975,0.010041913342042097,0.010010833272750453,0.00263737511207763
2021-11-03,0.0026115780234206,0.0097987417685667,0.0215078107312656,0.0357167107508533,0.0074618420718213,0.006355291930252,0.0080140476803247,0.0107900760188703,0.0230792761494336,0.0155964224935021,0.009946500297063645,0.007674324469720771,0.014093179761831021
2021-11-04,0.0073053952095807,-0.0034986359189836,0.0274822695035461,0.0132223231660444,0.120422579424587,0.012895926959636,0.0113883332119621,0.0127555969597068,0.0288470713421189,-0.0288976370944631,0.03549256287019445,0.011975446125348782,0.020192322276373534
2021-11-05,-0.0011294851912406,0.0035822872634243,0.0120764998561979,-0.0063582439233925,-0.0016443105384279,0.0037530034806481,0.003942179039124,0.0157213008952572,-0.0168526669141714,-0.0339318554542721,0.0005758692611620922,0.0010508221031332136,-0.0020841291486853007
2021-11-08,0.0027673391820943,-0.0055525978685392,-0.0085280180066666,-0.0484007124234909,0.0353590359940487,0.0007404000742601,0.0012025629326781,-0.0073579279547689,0.0049795526684075,0.0088738791695202,0.00457378873488962,0.00032498868140499267,-0.0015916486232456697
2021-11-09,-0.0030860797972068,0.0024594256519621,0.0250073088696829,-0.1199029598038374,-0.0047721138717407,-0.0006896676565014,-0.0007548764725726,-0.0095977793632653,0.0028527115446168,0.0069690351007316,-0.010896359689922494,-0.0031241839490960344,-0.010151499579813083
2021-11-10,-0.0153297330437364,-0.0191631857192917,-0.0263349760856264,0.0434293610161211,-0.0390775702986495,-0.0175713496315103,-0.0203131234948527,-0.0230491102819141,-0.0305724989815134,-0.0138417005418024,-0.018487012338131256,-0.017199768794715565,-0.01618238870627758
2021-11-11,0.004927463903052,-0.0003380408374532,-0.0027426512731322,-0.0041574429549274,0.0316032388282458,0.0008320287613927,-0.0008705113312622,0.0003051367214714,-0.0066872849420849,0.0164938622765673,0.007819823467608625,0.002205651525311102,0.00393657991518693
2021-11-12,0.0129049968123664,0.014336985674477,0.0151619588192943,-0.0282930726716902,0.0,0.0197447160336237,0.0199737180497747,0.04012334594872,0.0224357376454242,0.0380637600792543,0.011127870256762436,0.016070993764417903,0.015445214639124441
2021-11-15,-0.0019303694406915,6.663777363025147e-05,0.0058238743232883,-0.0193822725969886,-0.0120105102733236,-0.0017207006396523,-0.0015200701887017,0.019566378322932,0.0032390572958294,-0.0048050395864046,-0.004578994100546619,-0.0014205755024705136,-0.0012673015010082353
2021-11-16,0.0102359714593633,0.0066666666666665,-0.0014045207394652,0.0407937362595782,0.0059283896752704,-0.0020885178123795,-0.003880048382197,-0.0132351450870937,0.0171282939120032,0.0118793617211825,0.005131796536505708,0.004331548939230061,0.00720241876729287
2021-11-17,-0.0011487584710683,0.0164900993377483,0.0023441831035855,0.0325012378997702,-0.0311890011958712,-9.392189155921216e-05,0.0011563475401259,-0.0063855903238578,-0.0005365572097221,0.0062408755458525,-0.003590871250376471,0.0012189996311484297,0.0019378914335003788
